,,Name,SKU,Category,Brand,Unit,Cost Price,Sale Price,Min Stock Level,Current Stock,Description
,3,Fabia-Smart Toilet,10001,Sanitary Ware,Stella,pcs,,0.0,5,0,
,4,Vivia Smart Toilet,10002,Sanitary Ware,Stella,pcs,,0.0,5,0,
,5,Milana (Wall Hung) ,10003,Sanitary Ware,Stella,pcs,,0.0,5,0,
,6,,10004,Sanitary Ware,Stella,pcs,,0.0,5,0,
,7,Veronica (Tornado Jet Flush),10005,Sanitary Ware,Stella,pcs,,0.0,5,0,
,8,Alvira (Jet Flush),10006,Sanitary Ware,Stella,pcs,,0.0,5,0,
,9,Viola (Jet Flush),10007,Sanitary Ware,Stella,pcs,,0.0,5,0,
,10,Tiana (Jet Flush),10008,Sanitary Ware,Stella,pcs,20126,23676.2,5,3,
,11,Aurora (Jet Flush),10009,Sanitary Ware,Stella,pcs,18711,22011.6,5,6,
,12,Arvia (Jet Flush),10010,Sanitary Ware,Stella,pcs,,0.0,5,0,
,13,Fortuna (Tornado Jet Flush),10011,Sanitary Ware,Stella,pcs,17609.45,20715.8,5,4,
,,Verona (Tornado Jet Flush),10012,Sanitary Ware,Stella,pcs,16395.65,19287.8,5,3,
,,Nora (Jet Flush),10013,Sanitary Ware,Stella,pcs,15306.8,18006.9,5,1,
,,Rivella (Tornado Jet Flush),10014,Sanitary Ware,Stella,pcs,18700,21998.7,5,3,
,,Marlina (Tornado Jet Flush)  ,10015,Sanitary Ware,Stella,pcs,,0.0,5,0,
,,Evana (Tornado Jet Flush),10016,Sanitary Ware,Stella,pcs,,0.0,5,0,
,,Roma (Jet Flush),10017,Sanitary Ware,Stella,pcs,14071.75,16554.0,5,3,
,,,10018,Sanitary Ware,Stella,pcs,,0.0,5,0,
,,Romala Commode,10019,Sanitary Ware,Stella,pcs,,0.0,5,0,
,,Vivana Commode,10020,Sanitary Ware,Stella,pcs,,0.0,5,0,
,,Isabella Commode,10021,Sanitary Ware,Stella,pcs,,0.0,5,0,
,,Arina Commode Off/White,10022,Sanitary Ware,Stella,pcs,11320.1,13317.0,5,3,
,,Arina Commode White,10023,Sanitary Ware,Stella,pcs,11320.1,13317.0,5,6,
,,Verso (Hydraulic),10024,Sanitary Ware,Stella,pcs,,0.0,5,0,
,,Marcela (Hydraulic),10025,Sanitary Ware,Stella,pcs,,0.0,5,0,
,,Marcela Commode,10026,Sanitary Ware,Stella,pcs,,0.0,5,0,
,,Marcela P-Trap (Hydraulic),10027,Sanitary Ware,Stella,pcs,,0.0,5,0,
,,Marcela P-Trap ,10028,Sanitary Ware,Stella,pcs,,0.0,5,0,
,,Victoria (Hydraulic) Off/White,10029,Sanitary Ware,Stella,pcs,7594.84,8934.6,5,5,
,,Victoria (Hydraulic)White,10030,Sanitary Ware,Stella,pcs,7594.84,8934.6,5,4,
,,Victoria (Jet Flush),10031,Sanitary Ware,Stella,pcs,7089.72,8340.3,5,2,
,,Serina Commode,10032,Sanitary Ware,Stella,pcs,,0.0,5,0,
,,Imola (Hydraulic),10033,Sanitary Ware,Stella,pcs,,0.0,5,0,
,,Imola Commode,10034,Sanitary Ware,Stella,pcs,,0.0,5,0,
,,Imola P-Trap (Hydraulic),10035,Sanitary Ware,Stella,pcs,,0.0,5,0,
,,Imola P-Trap,10036,Sanitary Ware,Stella,pcs,6213.14,7309.1,5,0,
,,,10037,Sanitary Ware,Stella,pcs,,0.0,5,0,
,,Wash Basin (Counter Top),10038,Sanitary Ware,Stella,pcs,,0.0,5,0,
,,Flavia (Counter Top),10039,Sanitary Ware,Stella,pcs,,0.0,5,0,
,,Liana (Counter Top),10040,Sanitary Ware,Stella,pcs,10946.3,12877.2,5,4,
,,Linia (Top Basin),10041,Sanitary Ware,Stella,pcs,9775,11499.3,5,5,
,,Arvia (Counter Top),10042,Sanitary Ware,Stella,pcs,,0.0,5,0,
,,Carlina (Counter Top),10043,Sanitary Ware,Stella,pcs,,0.0,5,0,
,,Savia (Countar Top),10044,Sanitary Ware,Stella,pcs,,0.0,5,0,
,,Amelia (Countar Top),10045,Sanitary Ware,Stella,pcs,,0.0,5,0,
,,Mirabelle (Countar Top),10046,Sanitary Ware,Stella,pcs,7675.5,9029.5,5,5,
,,Livia (Countar Top),10047,Sanitary Ware,Stella,pcs,7667,9019.5,5,6,
,,Elvia (Countar Top),10048,Sanitary Ware,Stella,pcs,6023.3,7085.8,5,4,
,,Virginia Counter Top),10049,Sanitary Ware,Stella,pcs,,0.0,5,0,
,,Fabiana/Opalina (Countar Top),10050,Sanitary Ware,Stella,pcs,,0.0,5,0,
,,Olivia (Counter Top),10051,Sanitary Ware,Stella,pcs,,0.0,5,0,
,,,10052,Sanitary Ware,Stella,pcs,,0.0,5,0,
,,Wall Hung Basin,10053,Sanitary Ware,Stella,pcs,,0.0,5,0,
,,Wall Hung Basin Arina,10054,Sanitary Ware,Stella,pcs,5680.54,6682.6,5,2,
,,Wall Hung Basin Simona,10055,Sanitary Ware,Stella,pcs,,0.0,5,0,
,,Wall Hung Basin Sabina,10056,Sanitary Ware,Stella,pcs,,0.0,5,0,
,,Wall Hung Basin Octavia,10057,Sanitary Ware,Stella,pcs,,0.0,5,0,
,,Wash Basin Arina Big,10058,Sanitary Ware,Stella,pcs,,0.0,5,0,
,,Wash Basin Arina Normal,10059,Sanitary Ware,Stella,pcs,,0.0,5,0,
,,,10060,Sanitary Ware,Stella,pcs,,0.0,5,0,
,,Wash Basin (Pedestall),10061,Sanitary Ware,Stella,pcs,,0.0,5,0,
,,Wash Basin Melia,10062,Sanitary Ware,Stella,pcs,,0.0,5,0,
,,Wash Basin Savina,10063,Sanitary Ware,Stella,pcs,7494.45,8816.5,5,2,
,,Wash Basin Carolina,10064,Sanitary Ware,Stella,pcs,,0.0,5,0,
,,Wash Basin Camila,10065,Sanitary Ware,Stella,pcs,,0.0,5,0,
,,Wash Basin Isabella (Big),10066,Sanitary Ware,Stella,pcs,,0.0,5,0,
,,Wash Basin Isabella (Medium),10067,Sanitary Ware,Stella,pcs,,0.0,5,0,
,,Wash Basin Vista,10068,Sanitary Ware,Stella,pcs,,0.0,5,0,
,,Wash Basin Valeria Off/White,10069,Sanitary Ware,Stella,pcs,5432.35,6390.6,5,3,
,,Wash Basin Valeria White,10070,Sanitary Ware,Stella,pcs,5432.35,6390.6,5,10,
,,Wash Basin Vivana,10071,Sanitary Ware,Stella,pcs,,0.0,5,0,
,,Wash Basin Arina Big,10072,Sanitary Ware,Stella,pcs,,0.0,5,0,
,,Wash Basin Arina Normal White,10073,Sanitary Ware,Stella,pcs,4077.04,4796.2,5,2,
,,Wash Basin Arina Normal Off/White,10074,Sanitary Ware,Stella,pcs,4077.04,4796.2,5,5,
,,Wash Basin Octavia,10075,Sanitary Ware,Stella,pcs,4346,5112.6,5,1,
,,Wash Basin Angelina,10076,Sanitary Ware,Stella,pcs,3653.1,4297.5,5,2,
,,Wash Basin Verso Big,10077,Sanitary Ware,Stella,pcs,,0.0,5,0,
,,Wash Basin Sofia,10078,Sanitary Ware,Stella,pcs,,0.0,5,0,
,,Wash Basin Imola,10079,Sanitary Ware,Stella,pcs,,0.0,5,0,
,,Wash Basin Marcela,10080,Sanitary Ware,Stella,pcs,3199.64,3764.1,5,1,
,,Wash Basin Romeo,10081,Sanitary Ware,Stella,pcs,,0.0,5,0,
,,Wash Basin Lucia,10082,Sanitary Ware,Stella,pcs,,0.0,5,0,
,,Elana Cornar Basin,10083,Sanitary Ware,Stella,pcs,2624.82,3087.8,5,2,
,,Wash Basin Maria,10084,Sanitary Ware,Stella,pcs,,0.0,5,0,
,,Wash Basin Silvana Decorative,10085,Sanitary Ware,Stella,pcs,,0.0,5,0,
,,Wash Basin Silvana ,10086,Sanitary Ware,Stella,pcs,,0.0,5,0,
,,Wash Basin Adriana,10087,Sanitary Ware,Stella,pcs,2092.64,2461.8,5,5,
,,Wash Basin Adriana Off/White,10088,Sanitary Ware,Stella,pcs,2092.64,2461.8,5,5,
,,Nova Over Counter Basin,10089,Sanitary Ware,Stella,pcs,,0.0,5,0,
,,Savina Squre Counter Basin,10090,Sanitary Ware,Stella,pcs,,0.0,5,0,
,,Wash Basin Crown,10091,Sanitary Ware,Stella,pcs,2482.14,2920.0,5,0,
,,Asian Pan,10092,Sanitary Ware,Stella,pcs,,0.0,5,0,
,,Bubble Pan,10093,Sanitary Ware,Stella,pcs,2038.52,2398.1,5,4,
,,Luca Off/White,10094,Sanitary Ware,Stella,pcs,1681,1977.5,5,2,
,,Luca White,10095,Sanitary Ware,Stella,pcs,1681,1977.5,5,9,
,,Mario,10096,Sanitary Ware,Stella,pcs,,0.0,5,0,
,,Leo,10097,Sanitary Ware,Stella,pcs,,0.0,5,0,
,,Tino Off/White,10098,Sanitary Ware,Stella,pcs,977.44,1149.9,5,0,
,,Tino White,10099,Sanitary Ware,Stella,pcs,977.44,1149.9,5,8,
,,Selia,10100,Sanitary Ware,Stella,pcs,,0.0,5,0,
,,Alisha,10101,Sanitary Ware,Stella,pcs,,0.0,5,0,
,,Susana,10102,Sanitary Ware,Stella,pcs,,0.0,5,0,
,,Petra,10103,Sanitary Ware,Stella,pcs,,0.0,5,0,
,,Water Tank Marcela For Pan,10001,Sanitary Ware,Stella,pcs,,0.0,5,0,
,,Endura PVC Water Tank,10001,Sanitary Ware,Stella,pcs,,0.0,5,0,
,,Suzan Metal,,,,,,0.0,5,0,
,,Products Name,,,,,,,5,,
,,Lever Basin Mixar,1018 D,Metal,Suzon,pcs,2625,3499.9,5,8,
,,Lever Bath Tub Mixar,1019 D,Metal,Suzon,pcs,,0.0,5,0,
,,Shower Mixar,1086 B+(3/4''),Metal,Suzon,pcs,,0.0,5,0,
,,Shower Mixar,1086 C+(1''),Metal,Suzon,pcs,,0.0,5,0,
,,Shower Mixar,1087 B+(3/4''),Metal,Suzon,pcs,,0.0,5,0,
,,Shower Mixar,1087 C+(1''),Metal,Suzon,pcs,,0.0,5,0,
,,Shower Mixar,1088 B+(3/4''),Metal,Suzon,pcs,,0.0,5,0,
,,Shower Mixar,1088 C+(1''),Metal,Suzon,pcs,,0.0,5,0,
,,Shower Mixar,1089 B+(3/4''),Metal,Suzon,pcs,,0.0,5,0,
,,Shower Mixar,1089 C+(1''),Metal,Suzon,pcs,,0.0,5,0,
,,Conceal Stop Cock,1015 A,Metal,Suzon,pcs,1275,1700.0,5,42,
,,Conceal Stop Cock,1015 B,Metal,Suzon,pcs,,0.0,5,0,
,,Conceal Stop Cock,1015 D,Metal,Suzon,pcs,,0.0,5,0,
,,Conceal Stop Cock,1015 U,Metal,Suzon,pcs,,0.0,5,0,
,,Twin Angle Stop Cock,1091 A,Metal,Suzon,pcs,1012.5,1350.0,5,10,
,,Twin Angle Stop Cock,1091 B,Metal,Suzon,pcs,,0.0,5,0,
,,Twin Angle Stop Cock,1091 D,Metal,Suzon,pcs,,0.0,5,0,
,,Twin Angle Stop Cock,1091 U,Metal,Suzon,pcs,,0.0,5,0,
,,Soap Dispensor,1092 Off/White,Metal,Suzon,pcs,,0.0,5,0,
,,Soap Dispensor,1092 White,Metal,Suzon,pcs,,0.0,5,0,
,,Toylet P.Shower,1048 SR4 Off/White,Metal,Suzon,pcs,742.5,990.0,5,2,
,,Toylet P.Shower,1048 White,Metal,Suzon,pcs,,0.0,5,0,
,,Glass Self 22'',1059 C,Metal,Suzon,pcs,,0.0,5,0,
,,Glass Self 18'',1059 D,Metal,Suzon,pcs,,0.0,5,0,
,,Shower Arm 12'' (Square),1057 P1,Metal,Suzon,pcs,750,1000.0,5,2,
,,Shower Arm (Square),1057 P2,Metal,Suzon,pcs,,0.0,5,0,
,,Besin Push Waste 6'' Long,1045 B,Metal,Suzon,pcs,1125,1500.0,5,5,
,,Besin Push Waste 8'' Long,1045 C,Metal,Suzon,pcs,1200,1600.0,5,8,
,,Floor Drain 5''(Square Box),1032 E,Metal,Suzon,pcs,787.5,1050.0,5,14,
,,Conceal Push Shower Mixar 3/4'',2001 P,Metal,Suzon,pcs,,0.0,5,0,
,,Conceal Push Shower Mixar 3/4'',2001 P1,Metal,Suzon,pcs,,0.0,5,0,
,,Conceal Push Shower Mixar 3/4'',2001 P2,Metal,Suzon,pcs,,0.0,5,0,
,,Conceal Push Shower Mixar 3/4'',2001 P3,Metal,Suzon,pcs,,0.0,5,0,
,,Conceal Push Shower Mixar 3/4'',2002 P,Metal,Suzon,pcs,,0.0,5,0,
,,Conceal Push Shower Mixar 3/4'',2002 P1,Metal,Suzon,pcs,,0.0,5,0,
,,Conceal Push Shower Mixar 3/4'',2002 P2,Metal,Suzon,pcs,,0.0,5,0,
,,Conceal Push Shower Mixar 3/4'',2002 P3,Metal,Suzon,pcs,,0.0,5,0,
,,Conceal Stop Cock 1/2'',1014 A,Metal,Suzon,pcs,,0.0,5,0,
,,Conceal Stop Cock 3/4'',1013 A,Metal,Suzon,pcs,1425,1900.0,5,21,
,,Conceal Stop Cock 1'',1040 A,Metal,Suzon,pcs,,0.0,5,0,
,,Conceal Bib Cock,1005A,Metal,Suzon,pcs,1237.5,1650.0,5,31,
,,Conceal Bib Cock,1005 A+,Metal,Suzon,pcs,,0.0,5,0,
,,Angle Stop Cock,1012 A,Metal,Suzon,pcs,,0.0,5,0,
,,Angle Stop Cock,1012 A+,Metal,Suzon,pcs,862.5,1150.0,5,66,
,,Pillar Cock,1008 A+,Metal,Suzon,pcs,,0.0,5,0,
,,Pillar Cock Heavy,1008 A,Metal,Suzon,pcs,1387.5,1850.0,5,19,
,,Pillar Cock Special,1007 A,Metal,Suzon,pcs,,0.0,5,0,
,,Sink Bib Cock,1006 A,Metal,Suzon,pcs,1462.5,1950.0,5,3,
,,Moving Pillar Cock,1009 A,Metal,Suzon,pcs,1800,2399.9,5,3,
,,Moving Pillar Cock Special,1010 A,Metal,Suzon,pcs,,0.0,5,0,
,,Moving Pillar Cock Round,1010 A1,Metal,Suzon,pcs,,0.0,5,0,
,,Moving Pillar Cock Supar,1039 A,Metal,Suzon,pcs,,0.0,5,0,
,,Moving Sink Cock L/R,1011 A,Metal,Suzon,pcs,,0.0,5,0,
,,Moving Sink Cock L/R,1011 A1,Metal,Suzon,pcs,,0.0,5,0,
,,Moving Sink Cock L/R,1011 A2,Metal,Suzon,pcs,,0.0,5,0,
,,Moving Sink Cock L/R,1011 A3,Metal,Suzon,pcs,,0.0,5,0,
,,Moving Basin Mixar,1002 A,Metal,Suzon,pcs,,0.0,5,0,
,,Moving Basin Mixar,1002A1,Metal,Suzon,pcs,,0.0,5,0,
,,Moving Basin Mixar,1038 A,Metal,Suzon,pcs,,0.0,5,0,
,,Fixed Basin Mixar,1003 A,Metal,Suzon,pcs,,0.0,5,0,
,,Fixed Basin Mixar,1037 A,Metal,Suzon,pcs,,0.0,5,0,
,,Moving Sink Mixar,1004 A,Metal,Suzon,pcs,,0.0,5,0,
,,Moving Sink Mixar,1004 A1,Metal,Suzon,pcs,,0.0,5,0,
,,Moving Sink Mixar,1004 A2,Metal,Suzon,pcs,,0.0,5,0,
,,Moving Sink Mixar,1026 A,Metal,Suzon,pcs,,0.0,5,0,
,,Two in One Bib Cock,1016 A,Metal,Suzon,pcs,,0.0,5,0,
,,Bath Tub Mixar,1000 A,Metal,Suzon,pcs,,0.0,5,0,
,,Bath Tub Mixar,1001 A,Metal,Suzon,pcs,,0.0,5,0,
,,Conceal Stop Cock 1/2'',1014 B,Metal,Suzon,pcs,,0.0,5,0,
,,Conceal Stop Cock 3/4'',1013 B,Metal,Suzon,pcs,,0.0,5,0,
,,Conceal Stop Cock 1'',1040 B,Metal,Suzon,pcs,,0.0,5,0,
,,Conceal Bib Cock,1005 B,Metal,Suzon,pcs,,0.0,5,0,
,,Conceal Bib Cock,1005 B+,Metal,Suzon,pcs,,0.0,5,0,
,,Angle Stop Cock,1012 B,Metal,Suzon,pcs,,0.0,5,0,
,,Angle Stop Cock,1012 B+,Metal,Suzon,pcs,,0.0,5,0,
,,Pillar Cock,1008 B+,Metal,Suzon,pcs,,0.0,5,0,
,,Pillar Cock,1008 B,Metal,Suzon,pcs,,0.0,5,0,
,,Pillar Cock,1007 B,Metal,Suzon,pcs,,0.0,5,0,
,,Sink Bib Cock,1006 B,Metal,Suzon,pcs,,0.0,5,0,
,,Moving Pillar Cock,1009 B,Metal,Suzon,pcs,,0.0,5,0,
,,Moving Pillar Cock,1010 B,Metal,Suzon,pcs,,0.0,5,0,
,,Moving Pillar Cock,1010 B1,Metal,Suzon,pcs,,0.0,5,0,
,,Moving Pillar Cock,1039 B,Metal,Suzon,pcs,,0.0,5,0,
,,Moving Sink Cock(L/R),1011 B,Metal,Suzon,pcs,,0.0,5,0,
,,Moving Sink Cock(L/R),1011 B1,Metal,Suzon,pcs,,0.0,5,0,
,,Moving Sink Cock(L/R),1011 B2,Metal,Suzon,pcs,,0.0,5,0,
,,Moving Sink Cock(L/R),1011 B3,Metal,Suzon,pcs,,0.0,5,0,
,,Moving Basin Mixar,1002 B,Metal,Suzon,pcs,,0.0,5,0,
,,Moving Basin Mixar,1002 B1,Metal,Suzon,pcs,,0.0,5,0,
,,Moving Basin Mixar,1038 B,Metal,Suzon,pcs,,0.0,5,0,
,,Fixed Basin Mixar,1003 B,Metal,Suzon,pcs,,0.0,5,0,
,,Fixed Basin Mixar,1037 B,Metal,Suzon,pcs,,0.0,5,0,
,,Moving Sink Mixar,1004 B,Metal,Suzon,pcs,,0.0,5,0,
,,Moving Sink Mixar,1004 B1,Metal,Suzon,pcs,,0.0,5,0,
,,Moving Sink Mixar,1004 B2,Metal,Suzon,pcs,,0.0,5,0,
,,Moving Sink Mixar,1026 B,Metal,Suzon,pcs,,0.0,5,0,
,,Tow in One Bib Cock,1016 B,Metal,Suzon,pcs,,0.0,5,0,
,,Bath Tub Mixar,1000 B,Metal,Suzon,pcs,,0.0,5,0,
,,Bath Tub Mixar,1001 B,Metal,Suzon,pcs,,0.0,5,0,
,,Conceal Stop Cock 1/2'',1014 C,Metal,Suzon,pcs,,0.0,5,0,
,,Conceal Stop Cock 3/4'',1013 C,Metal,Suzon,pcs,,0.0,5,0,
,,Conceal Stop Cock 1'',1040 C,Metal,Suzon,pcs,,0.0,5,0,
,,Conceal Bib Cock,1005 C,Metal,Suzon,pcs,,0.0,5,0,
,,Conceal Bib Cock,1005 C+,Metal,Suzon,pcs,,0.0,5,0,
,,Angle Stop Cock,1012 C,Metal,Suzon,pcs,,0.0,5,0,
,,Pillar Cock,1008 C+,Metal,Suzon,pcs,,0.0,5,0,
,,Pillar Cock,1008 C,Metal,Suzon,pcs,,0.0,5,0,
,,Pillar Cock,1007 C,Metal,Suzon,pcs,,0.0,5,0,
,,Sink Bib Cock,1006 C,Metal,Suzon,pcs,,0.0,5,0,
,,Moving Pillar Cock,1009 C,Metal,Suzon,pcs,,0.0,5,0,
,,Moving Pillar Cock,1010 C,Metal,Suzon,pcs,,0.0,5,0,
,,Moving Pillar Cock,1010 C1,Metal,Suzon,pcs,,0.0,5,0,
,,Moving Pillar Cock,1039 C,Metal,Suzon,pcs,,0.0,5,0,
,,Moving Sink Cock,1011C,Metal,Suzon,pcs,,0.0,5,0,
,,Moving Sink Cock,1011 C1,Metal,Suzon,pcs,,0.0,5,0,
,,Moving Sink Cock,1011 C2,Metal,Suzon,pcs,,0.0,5,0,
,,Moving Sink Cock,1011 C3,Metal,Suzon,pcs,,0.0,5,0,
,,Moving Besin Mixer,1002 C,Metal,Suzon,pcs,,0.0,5,0,
,,Moving Besin Mixer,1002 C1,Metal,Suzon,pcs,,0.0,5,0,
,,Moving Besin Mixer,1038 C,Metal,Suzon,pcs,,0.0,5,0,
,,Fixed Besin Mixer,1003 C,Metal,Suzon,pcs,,0.0,5,0,
,,Fixed Besin Mixer,1037 C,Metal,Suzon,pcs,,0.0,5,0,
,,Moving Sink Mixar,1004 C,Metal,Suzon,pcs,,0.0,5,0,
,,Moving Sink Mixar,1004 C1,Metal,Suzon,pcs,,0.0,5,0,
,,Moving Sink Mixar,1004 C2,Metal,Suzon,pcs,,0.0,5,0,
,,Moving Sink Mixar,1026 C,Metal,Suzon,pcs,,0.0,5,0,
,,Tow in One Bib Cock,1016 C,Metal,Suzon,pcs,,0.0,5,0,
,,Bath Tub Mixar,1000 C,Metal,Suzon,pcs,,0.0,5,0,
,,Bath Tub Mixar,1001 C,Metal,Suzon,pcs,,0.0,5,0,
,,Conceal Stop Cock 1/2'',1014 D,Metal,Suzon,pcs,,0.0,5,0,
,,Conceal Stop Cock 3/4'',1013 D,Metal,Suzon,pcs,,0.0,5,0,
,,Conceal Stop Cock 1'',1040 D,Metal,Suzon,pcs,,0.0,5,0,
,,Conceal Bib Cock,1005 D,Metal,Suzon,pcs,,0.0,5,0,
,,Conceal Bib Cock,1005 D+,Metal,Suzon,pcs,,0.0,5,0,
,,Angle Stop Cock,1012 D,Metal,Suzon,pcs,,0.0,5,0,
,,Mini Angle Stop Cock,1012 D+,Metal,Suzon,pcs,,0.0,5,0,
,,Pillar Cock,1008 D+,Metal,Suzon,pcs,,0.0,5,0,
,,Pillar Cock,1008D,Metal,Suzon,pcs,,0.0,5,0,
,,Pillar Cock,1007 D,Metal,Suzon,pcs,,0.0,5,0,
,,Sink Bib Cock,1006 D,Metal,Suzon,pcs,,0.0,5,0,
,,Moving Pillar Cock,1009 D,Metal,Suzon,pcs,,0.0,5,0,
,,Moving Pillar Cock,1010 D,Metal,Suzon,pcs,,0.0,5,0,
,,Moving Pillar Cock,1010 D1,Metal,Suzon,pcs,,0.0,5,0,
,,Moving Pillar Cock,1039 D,Metal,Suzon,pcs,,0.0,5,0,
,,Moving Sink Cock,1011 D,Metal,Suzon,pcs,,0.0,5,0,
,,Moving Sink Cock,1011 D1,Metal,Suzon,pcs,,0.0,5,0,
,,Moving Sink Cock,1011 D2,Metal,Suzon,pcs,,0.0,5,0,
,,Moving Sink Cock,1011 D3,Metal,Suzon,pcs,,0.0,5,0,
,,Moving Basin Mixar,1002 D,Metal,Suzon,pcs,,0.0,5,0,
,,Moving Basin Mixar,1002 D1,Metal,Suzon,pcs,,0.0,5,0,
,,Moving Basin Mixar,1038 D,Metal,Suzon,pcs,,0.0,5,0,
,,Moving Basin Mixar,1003 D,Metal,Suzon,pcs,,0.0,5,0,
,,Fixed Basin Mixar,1037 D,Metal,Suzon,pcs,,0.0,5,0,
,,Moving Sink Mixar,1004 D,Metal,Suzon,pcs,,0.0,5,0,
,,Moving Sink Mixar,1004 D1,Metal,Suzon,pcs,,0.0,5,0,
,,Moving Sink Mixar,1004 D2,Metal,Suzon,pcs,,0.0,5,0,
,,Moving Sink Mixar,1026 D,Metal,Suzon,pcs,,0.0,5,0,
,,Tow in One Bib Cock,1016 D,Metal,Suzon,pcs,2025,2699.9,5,12,
,,Bath Tub Mixar,1000 D,Metal,Suzon,pcs,,0.0,5,0,
,,Bath Tub Mixar,1001 D,Metal,Suzon,pcs,,0.0,5,0,
,,Conceal Stop Cock 1/2'',1014 U,Metal,Suzon,pcs,,0.0,5,0,
,,Conceal Stop Cock 3/4'',1013 U,Metal,Suzon,pcs,,0.0,5,0,
,,Conceal Stop Cock 1'',1040 U,Metal,Suzon,pcs,,0.0,5,0,
,,Conceal Bib Cock,1005 U,Metal,Suzon,pcs,,0.0,5,0,
,,Conceal Bib Cock,1005 U+,Metal,Suzon,pcs,,0.0,5,0,
,,Angle Stop Cock,1012 U,Metal,Suzon,pcs,,0.0,5,0,
,,Angle Stop Cock,1012 U+,Metal,Suzon,pcs,,0.0,5,0,
,,Pillar Cock,1008 U+,Metal,Suzon,pcs,,0.0,5,0,
,,Pillar Cock,1008 U,Metal,Suzon,pcs,,0.0,5,0,
,,Pillar Cock,1007 U,Metal,Suzon,pcs,,0.0,5,0,
,,Sink Bib Cock,1006 U,Metal,Suzon,pcs,,0.0,5,0,
,,Moving Pillar Cock,1009 U,Metal,Suzon,pcs,,0.0,5,0,
,,Moving Pillar Cock,1010 U1,Metal,Suzon,pcs,,0.0,5,0,
,,Moving Pillar Cock,1039 U,Metal,Suzon,pcs,,0.0,5,0,
,,Moving Sink Cock,1011 U,Metal,Suzon,pcs,,0.0,5,0,
,,Moving Sink Cock,1011 U1,Metal,Suzon,pcs,,0.0,5,0,
,,Moving Sink Cock,1011 U2,Metal,Suzon,pcs,,0.0,5,0,
,,Moving Sink Cock,1011 U3,Metal,Suzon,pcs,,0.0,5,0,
,,Moving Basin Mixar,1002 U,Metal,Suzon,pcs,,0.0,5,0,
,,Moving Basin Mixar,1002 U1,Metal,Suzon,pcs,,0.0,5,0,
,,Moving Basin Mixar,1038 U,Metal,Suzon,pcs,,0.0,5,0,
,,Moving Basin Mixar,1003 U,Metal,Suzon,pcs,,0.0,5,0,
,,Fixed Basin Mixar,1037 U,Metal,Suzon,pcs,,0.0,5,0,
,,Moving Sink Mixar,1004 U,Metal,Suzon,pcs,,0.0,5,0,
,,Moving Sink Mixar,1004 U1,Metal,Suzon,pcs,,0.0,5,0,
,,Moving Sink Mixar,1004 U2,Metal,Suzon,pcs,,0.0,5,0,
,,Moving Sink Mixar,1026 U,Metal,Suzon,pcs,,0.0,5,0,
,,Tow in One Bib Cock,1016 U,Metal,Suzon,pcs,,0.0,5,0,
,,Bath Tub Mixar,1000 U,Metal,Suzon,pcs,,0.0,5,0,
,,Bath Tub Mixar,1001 U,Metal,Suzon,pcs,,0.0,5,0,
,,Conceal Bib Cock,1005 E,Metal,Suzon,pcs,1237.5,1650.0,5,38,
,,Moving Pillar Cock,1039 E,Metal,Suzon,pcs,,0.0,5,0,
,,Moving Pillar Cock,1010 E,Metal,Suzon,pcs,,0.0,5,0,
,,Moving Pillar Cock,1010 E+,Metal,Suzon,pcs,,0.0,5,0,
,,Tow in One Bib Cock,1016 E,Metal,Suzon,pcs,1987.5,2649.9,5,12,
,,Sink Bib Cock,1006 E,Metal,Suzon,pcs,1462.5,1950.0,5,34,
,,Pillar Cock,1008 E,Metal,Suzon,pcs,,0.0,5,0,
,,Pillar Cock,1007 E,Metal,Suzon,pcs,,0.0,5,0,
,,Moving Sink Cock,1011 E,Metal,Suzon,pcs,1912.5,2549.9,5,3,
,,Moving Sink Cock,1011 E1,Metal,Suzon,pcs,,0.0,5,0,
,,Moving Sink Cock,1011 E2,Metal,Suzon,pcs,,0.0,5,0,
,,Moving Sink Cock,1011 E3,Metal,Suzon,pcs,,0.0,5,0,
,,Open Shower Panel,2003 PS,Metal,Suzon,pcs,,0.0,5,0,
,,Lever Moving Sink Mixer,1024 A,Metal,Suzon,pcs,,0.0,5,0,
,,LeverTaip Sink Basin Mixer,2004 B,Metal,Suzon,pcs,6375,8499.8,5,2,
,,Rain Shower Head 8'',1057 A+,Metal,Suzon,pcs,1687.5,2249.9,5,7,
,,Rain Shower Head 10'',1057 B+,Metal,Suzon,pcs,,0.0,5,0,
,,Rain Showe Head 6'',1057 C,Metal,Suzon,pcs,,0.0,5,0,
,,Gayser Apple White 30 Lt,SG30,Metal,Suzon,pcs,,0.0,5,0,
,,Gayser Apple White 45Lt,SG45,Metal,Suzon,pcs,,0.0,5,0,
,,Liquit Box Apple White,1092 A,Metal,Suzon,pcs,712.5,950.0,5,1,
,,Liquit Box  White,1092 A,Metal,Suzon,pcs,,0.0,5,0,
,,Sink,1093,Metal,Suzon,pcs,,0.0,5,0,
,,Sink,1093 A,Metal,Suzon,pcs,,0.0,5,0,
,,Sink,1093 B,Metal,Suzon,pcs,,0.0,5,0,
,,Sink,1093 C,Metal,Suzon,pcs,,0.0,5,0,
,,Single Line Pillar Cock,1055,Metal,Suzon,pcs,2925,3899.9,5,1,
,,Single Line Pillar Cock,1055 A,Metal,Suzon,pcs,2475,3299.9,5,3,
,,Single Line Pillar Cock,1055 L,Metal,Suzon,pcs,4200,5599.9,5,7,
,,Single Line Pillar Cock 10'',1055C,Metal,Suzon,pcs,4350,5799.9,5,1,
,,Moving Basin Mixar,1002 E,Metal,Suzon,pcs,,0.0,5,0,
,,Moving Basin Mixar,1002 E+,Metal,Suzon,pcs,,0.0,5,0,
,,Moving Basin Mixar,1038 E,Metal,Suzon,pcs,,0.0,5,0,
,,Push Pillar Cock,1029,Metal,Suzon,pcs,,0.0,5,0,
,,Moving Sink Mixar,1004 E,Metal,Suzon,pcs,,0.0,5,0,
,,Moving Sink Mixar,1004 E1,Metal,Suzon,pcs,,0.0,5,0,
,,Moving Sink Mixar,1004 E2,Metal,Suzon,pcs,,0.0,5,0,
,,Lever Sink Mixar,1024,Metal,Suzon,pcs,4650,6199.8,5,8,
,,Lever Basin Mixar,1018 A,Metal,Suzon,pcs,4125.5,5500.5,5,3,
,,Lever Basin Mixar,1018 B,Metal,Suzon,pcs,3375,4499.9,5,6,
,,Lever Basin Mixar,1028 A,Metal,Suzon,pcs,,0.0,5,0,
,,Lever Basin Mixar,1028 B,Metal,Suzon,pcs,,0.0,5,0,
,,Lever Basin Mixar,1018 C,Metal,Suzon,pcs,2887.5,3849.9,5,7,
,,Lever Basin Mixar 10'',1042,Metal,Suzon,pcs,,0.0,5,0,
,,Lever Basin Mixar 12'',1043,Metal,Suzon,pcs,8212.5,10949.7,5,2,
,,Lever Bath Tub Mixar,1019 A,Metal,Suzon,pcs,,0.0,5,0,
,,Lever Bath Tub Mixar,1019 B,Metal,Suzon,pcs,,0.0,5,0,
,,Lever Bath Tub Mixar,1022 A,Metal,Suzon,pcs,,0.0,5,0,
,,Lever Bath Tub Mixar,1022 B,Metal,Suzon,pcs,,0.0,5,0,
,,Shower Mixer 3 Way 3/4'',1060 B,Metal,Suzon,pcs,,0.0,5,0,
,,Shower Mixer 3 Way 3/4'',1061 B,Metal,Suzon,pcs,,0.0,5,0,
,,Shower Mixer 4 Way 1/2'',1062 A,Metal,Suzon,pcs,,0.0,5,0,
,,Shower Mixer 4 Way 3/4',1062 B,Metal,Suzon,pcs,,0.0,5,0,
,,Shower Mixer 4 Way 1'',1062 C,Metal,Suzon,pcs,,0.0,5,0,
,,Shower Mixer 4 Way 1/2'',1063 A,Metal,Suzon,pcs,,0.0,5,0,
,,Shower Mixer 4 Way 3/4'',1063 B,Metal,Suzon,pcs,,0.0,5,0,
,,Shower Mixer 4 Way 1'',1063 C,Metal,Suzon,pcs,,0.0,5,0,
,,Shower Mixer 4 Way 1/2'',1064 A,Metal,Suzon,pcs,,0.0,5,0,
,,Shower Mixer 4 Way 3/4'',1064 B,Metal,Suzon,pcs,,0.0,5,0,
,,Shower Mixer 4 Way 1'',1064 C,Metal,Suzon,pcs,,0.0,5,0,
,,Shower Mixer 4 Way 1/2'',1065 A,Metal,Suzon,pcs,,0.0,5,0,
,,Shower Mixer 4 Way 3/4'',1065 B,Metal,Suzon,pcs,,0.0,5,0,
,,Shower Mixer 4 Way 1'',1065 C,Metal,Suzon,pcs,,0.0,5,0,
,,Shower Mixer 4 Way 1/2'',1066 A,Metal,Suzon,pcs,,0.0,5,0,
,,Shower Mixer 4 Way 3/4'',1066 B,Metal,Suzon,pcs,,0.0,5,0,
,,Shower Mixer 4 Way 1'',1066 C,Metal,Suzon,pcs,,0.0,5,0,
,,Shower Mixer 4 Way 1/2'',1067 A,Metal,Suzon,pcs,,0.0,5,0,
,,Shower Mixer 4 Way 3/4'',1067 B,Metal,Suzon,pcs,,0.0,5,0,
,,Shower Mixer 4 Way 1'',1067 C,Metal,Suzon,pcs,,0.0,5,0,
,,Shower Mixer 4 Way 1/2'',1068 A,Metal,Suzon,pcs,,0.0,5,0,
,,Shower Mixer 4 Way 3/4'',1068 B,Metal,Suzon,pcs,,0.0,5,0,
,,Shower Mixer 4 Way 1'',1068 C,Metal,Suzon,pcs,,0.0,5,0,
,,Shower Mixer 4 Way 1/2'',1069 A,Metal,Suzon,pcs,,0.0,5,0,
,,Shower Mixer 4 Way 3/4'',1069 B,Metal,Suzon,pcs,,0.0,5,0,
,,Shower Mixer 4 Way 1'',1069 C,Metal,Suzon,pcs,,0.0,5,0,
,,Shower Mixer 5 Way 1/2'',1070 A,Metal,Suzon,pcs,,0.0,5,0,
,,Shower Mixer 5 Way 3/4'',1070 B,Metal,Suzon,pcs,,0.0,5,0,
,,Shower Mixer 5 Way 1'',1070 C,Metal,Suzon,pcs,,0.0,5,0,
,,Shower Mixer 5 Way 1/2'',1071 A,Metal,Suzon,pcs,,0.0,5,0,
,,Shower Mixer 5 Way 3/4'',1071 B,Metal,Suzon,pcs,,0.0,5,0,
,,Shower Mixer 5 Way 1'',1071 C,Metal,Suzon,pcs,,0.0,5,0,
,,Shower Mixer 5 Way 1/2'',1072 A,Metal,Suzon,pcs,,0.0,5,0,
,,Shower Mixer 5 Way 3/4'',1072 B,Metal,Suzon,pcs,,0.0,5,0,
,,Shower Mixer 5 Way 1'',1072 C,Metal,Suzon,pcs,,0.0,5,0,
,,Shower Mixer 5 Way 1'',1073 A,Metal,Suzon,pcs,,0.0,5,0,
,,Shower Mixer 5 Way 3/4'',1073 B,Metal,Suzon,pcs,,0.0,5,0,
,,Shower Mixer 5 Way 1'',1073 C,Metal,Suzon,pcs,,0.0,5,0,
,,Shower Mixer 5 Way 1/2'',1074 A,Metal,Suzon,pcs,,0.0,5,0,
,,Shower Mixer 5 Way 3/4'',1074 B,Metal,Suzon,pcs,,0.0,5,0,
,,Shower Mixer 5 Way 1'',1074 C,Metal,Suzon,pcs,,0.0,5,0,
,,Shower Mixer 5 Way 1/2'',1075 A,Metal,Suzon,pcs,,0.0,5,0,
,,Shower Mixer 5 Way 3/4'',1075 B,Metal,Suzon,pcs,,0.0,5,0,
,,Shower Mixer 5 Way 1'',1075 C,Metal,Suzon,pcs,,0.0,5,0,
,,Shower Mixer 5 Way 1/2'',1076 A,Metal,Suzon,pcs,,0.0,5,0,
,,Shower Mixer 5 Way 3/4'',1076 B,Metal,Suzon,pcs,,0.0,5,0,
,,Shower Mixer 5 Way 1'',1076 C,Metal,Suzon,pcs,,0.0,5,0,
,,Shower Mixer 5 Way 1/2'',1077 A,Metal,Suzon,pcs,,0.0,5,0,
,,Shower Mixer 5 Way 3/4'',1077 B,Metal,Suzon,pcs,,0.0,5,0,
,,Shower Mixer 5 Way 1'',1077 C,Metal,Suzon,pcs,,0.0,5,0,
,,Shower Mixer 4 Way 1/2'',1078 B,Metal,Suzon,pcs,,0.0,5,0,
,,Shower Mixer 4 Way 3/4'',1078 C,Metal,Suzon,pcs,,0.0,5,0,
,,Shower Mixer 4 Way 3/4'',1079 B,Metal,Suzon,pcs,,0.0,5,0,
,,Shower Mixer 4 Way 1'',1079 C,Metal,Suzon,pcs,,0.0,5,0,
,,Shower Mixer 4 Way 3/4'',1082 B,Metal,Suzon,pcs,4875,6499.8,5,8,
,,Shower Mixer 4 Way1'',1082 C,Metal,Suzon,pcs,5250,6999.8,5,3,
,,Shower Mixer 4 Way 3/4'',1083 B,Metal,Suzon,pcs,,0.0,5,0,
,,Shower Mixer 4 Way 1'',1083 C,Metal,Suzon,pcs,,0.0,5,0,
,,Shower Mixer 5 Way 3/4'',1084 B,Metal,Suzon,pcs,,0.0,5,0,
,,Shower Mixer 5 Way 1'',1084 C,Metal,Suzon,pcs,,0.0,5,0,
,,Shower Mixer 5 Way 3/4'',1085 B,Metal,Suzon,pcs,,0.0,5,0,
,,Shower Mixer 5 Way 1'',1085 C,Metal,Suzon,pcs,,0.0,5,0,
,,Shower Mixer 4 Way 3/4'',1086 B,Metal,Suzon,pcs,,0.0,5,0,
,,Shower Mixer 4 Way 1'',1086 C,Metal,Suzon,pcs,,0.0,5,0,
,,Shower Mixer 4 Way 3/4'',1087 B,Metal,Suzon,pcs,,0.0,5,0,
,,Shower Mixer 4 Way 1'',1087 C,Metal,Suzon,pcs,,0.0,5,0,
,,Shower Mixer 5 Way 3/4'',1088 B,Metal,Suzon,pcs,,0.0,5,0,
,,Shower Mixer 5 Way 1'',1088 C,Metal,Suzon,pcs,,0.0,5,0,
,,Shower Mixer 5 Way 3/4'',1089 B,Metal,Suzon,pcs,,0.0,5,0,
,,Shower Mixer 5 Way 1'',1089 C,Metal,Suzon,pcs,,0.0,5,0,
,,Sensor Tap Single Line,1056 A,Metal,Suzon,pcs,,0.0,5,0,
,,Sensor Tap Single Line,1056 B,Metal,Suzon,pcs,,0.0,5,0,
,,Sensor Tap Single Line,1056 C,Metal,Suzon,pcs,,0.0,5,0,
,,Sensor Tap Single Line,1056 D,Metal,Suzon,pcs,,0.0,5,0,
,,Sensor Mixer Tap,1056 E,Metal,Suzon,pcs,,0.0,5,0,
,,Moving Shower ,1017 A,Metal,Suzon,pcs,,0.0,5,0,
,,Moving Shower ,1017 A+,Metal,Suzon,pcs,1612.5,2149.9,5,38,
,,Moving Shower ,1017 B+,Metal,Suzon,pcs,1537.5,2049.9,5,13,
,,Moving Shower ,1017 C,Metal,Suzon,pcs,,0.0,5,0,
,,Moving Shower ,1017 D,Metal,Suzon,pcs,,0.0,5,0,
,,Moving Shower ,1017 E,Metal,Suzon,pcs,,0.0,5,0,
,,Moving Shower ,1017 F,Metal,Suzon,pcs,1050,1400.0,5,5,
,,Moving Shower ,1017 G,Metal,Suzon,pcs,,0.0,5,0,
,,Rain Shower 8'',1057 R1,Metal,Suzon,pcs,,0.0,5,0,
,,Rain Shower 10'',1057 R2,Metal,Suzon,pcs,,0.0,5,0,
,,Rain Shower 4.5'',1017 H,Metal,Suzon,pcs,,0.0,5,0,
,,Rain Shower 8'',1057 A,Metal,Suzon,pcs,,0.0,5,0,
,,Rain Shower 10'',1057 B,Metal,Suzon,pcs,,0.0,5,0,
,,Shower Arm 22'',1057,Metal,Suzon,pcs,,0.0,5,0,
,,Hand Shower,1058 A,Metal,Suzon,pcs,,0.0,5,0,
,,Hand Shower,1058 B,Metal,Suzon,pcs,,0.0,5,0,
,,Toilet Push Sower,1048 SR1,Metal,Suzon,pcs,,0.0,5,0,
,,Toilet Push Sower,1048 SR2,Metal,Suzon,pcs,,0.0,5,0,
,,Toilet Push Sower,1048 SR3,Metal,Suzon,pcs,,0.0,5,0,
,,Sope Case,1036 A,Metal,Suzon,pcs,675,900.0,5,15,
,,Sope Case,1036 A+,Metal,Suzon,pcs,937.5,1250.0,5,22,
,,Sope Case,1036,Metal,Suzon,pcs,9,12.0,5,0,
,,Sope Case,1036 B,Metal,Suzon,pcs,,0.0,5,0,
,,Tissu Holder,1052,Metal,Suzon,pcs,712.5,950.0,5,4,
,,Tissu Holder,1052 A,Metal,Suzon,pcs,,0.0,5,0,
,,Tissu Holder,1052 B,Metal,Suzon,pcs,600,800.0,5,15,
,,Tissu Holder,1052 C,Metal,Suzon,pcs,,0.0,5,0,
,,Floor Drain,1032,Metal,Suzon,pcs,787.5,1050.0,5,12,
,,Floor Drain,1032 A,Metal,Suzon,pcs,825,1100.0,5,4,
,,Floor Drain,1034,Metal,Suzon,pcs,,0.0,5,0,
,,Floor Drain,1033,Metal,Suzon,pcs,165,220.0,5,21,
,,Floor Drain,1035,Metal,Suzon,pcs,,0.0,5,0,
,,Floor Drain,1035 A,Metal,Suzon,pcs,97.5,130.0,5,9,
,,Floor Drain,1035 B,Metal,Suzon,pcs,75,100.0,5,19,
,,Floor Drain Box,1032 B,Metal,Suzon,pcs,,0.0,5,0,
,,Floor Drain Box,1032 C,Metal,Suzon,pcs,,0.0,5,0,
,,Floor Drain Box,1032 D,Metal,Suzon,pcs,,0.0,5,0,
,,Double Towel Rail,1053 A,Metal,Suzon,pcs,,0.0,5,0,
,,Double Towel Rail,1053 B,Metal,Suzon,pcs,,0.0,5,0,
,,Towel Rail18'',1046 A,Metal,Suzon,pcs,,0.0,5,0,
,, Towel Rail 24'',1044 A,Metal,Suzon,pcs,,0.0,5,0,
,, Towel Rail 18'',1046 B,Metal,Suzon,pcs,,0.0,5,0,
,, Towel Rail 24'',1044 B,Metal,Suzon,pcs,,0.0,5,0,
,, Towel Rail 18'',1046 C,Metal,Suzon,pcs,750,1000.0,5,10,
,, Towel Rail 24'',1044 C,Metal,Suzon,pcs,787.5,1050.0,5,11,
,, Towel Rail 18'',1046 D,Metal,Suzon,pcs,975,1300.0,5,3,
,, Towel Rail 24'',1044 D,Metal,Suzon,pcs,,0.0,5,0,
,,Towel Rail,1081 A,Metal,Suzon,pcs,637.5,850.0,5,8,
,,Towel Rail,1081 B,Metal,Suzon,pcs,637.5,850.0,5,7,
,,Single Corner Shelf,1047 A,Metal,Suzon,pcs,,0.0,5,0,
,,Double Corner Shelf,1047 B,Metal,Suzon,pcs,,0.0,5,0,
,,Single Corner Shelf,1047 C,Metal,Suzon,pcs,,0.0,5,0,
,,Double Corner Shelf,1047 D,Metal,Suzon,pcs,,0.0,5,0,
,,Basin Waste Regular,1030,Metal,Suzon,pcs,517.5,690.0,5,18,
,,Basin Waste Regular,1030 A,Metal,Suzon,pcs,517.5,690.0,5,12,
,,Basin Push Waste ,1031,Metal,Suzon,pcs,937.5,1250.0,5,18,
,,Basin Push Waste ,1045,Metal,Suzon,pcs,1050,1400.0,5,0,
,,Basin Push Waste ,1031 A,Metal,Suzon,pcs,765,1020.0,5,2,
,,Basin Push Waste ,1045 A,Metal,Suzon,pcs,,0.0,5,0,
,,Gkass Shelf 18'',1059 A,Metal,Suzon,pcs,,0.0,5,0,
,,Gkass Shelf 24'',1059 B,Metal,Suzon,pcs,,0.0,5,0,
,,Robe Hooks 2,1049 A,Metal,Suzon,pcs,,0.0,5,0,
,,Robe Hooks 4,1049 B,Metal,Suzon,pcs,,0.0,5,0,
,,Connection Pipe,1051 A,Metal,Suzon,pcs,,0.0,5,0,
,,Connection Pipe,1051 B,Metal,Suzon,pcs,,0.0,5,0,
,,Spout 1/2'',1054 A,Metal,Suzon,pcs,,0.0,5,0,
,,Spout 1/2'',1054 B,Metal,Suzon,pcs,,0.0,5,0,
,,Spout 1/2'',1054 C,Metal,Suzon,pcs,,0.0,5,0,
,,Spout 1/2'',1054 D,Metal,Suzon,pcs,,0.0,5,0,
,,Spout 1/2'',1054 E,Metal,Suzon,pcs,,0.0,5,0,
,,Spout 3/4'',1054 A+,Metal,Suzon,pcs,,0.0,5,0,
,,Spout 3/4'',1054 B+,Metal,Suzon,pcs,,0.0,5,0,
,,Spout 3/4'',1054 C+,Metal,Suzon,pcs,,0.0,5,0,
,,Spout 3/4'',1054 D+,Metal,Suzon,pcs,,0.0,5,0,
,,Spout 3/4'',1054 E+,Metal,Suzon,pcs,,0.0,5,0,
,,Conceal Bib Cock,1005 EL,Metal,Suzon,pcs,,0.0,5,0,
,,Conceal Bib Cock,1007 EL,Metal,Suzon,pcs,,0.0,5,0,
,,Conceal Bib Cock,1066 EL,Metal,Suzon,pcs,,0.0,5,0,
,,Moving Pillar Cock,1090 A,Metal,Suzon,pcs,2437.5,3249.9,5,11,
,,Moving Sink Cock,1090 B,Metal,Suzon,pcs,2437.5,3249.9,5,9,
,,Angle Stop Cock,1090 C,Metal,Suzon,pcs,637.5,850.0,5,15,
,,Lever Spout Bib Cock,1054 F,Metal,Suzon,pcs,1350,1800.0,5,8,
,,Lever Spout Bib Cock,1054 F+,Metal,Suzon,pcs,,0.0,5,0,
,,Mini Angle Stop Cock,1080,Metal,Suzon,pcs,637.5,850.0,5,34,
,,Mini Angle Stop Cock,1080 A,Metal,Suzon,pcs,,0.0,5,0,
,,Conceal Stop Cock 3/4'',1013 U+,Metal,Suzon,pcs,,0.0,5,0,
,,Rosa Metal,,,,,Rosa Metal,,5,0,
,,Products Name,,,,,,0.0,5,0,
Rosa,,Conceal Stop Valve,RSB-1014 3/4,Metal,Rosa,pcs,1340,1786.6,5,20,
,,Conceal Stop Valve,FLR 1014,Metal,Rosa,pcs,1340.45,1787.2,5,14,
,,Bib Tab Lever Handle,RSBLH 1000,Metal,Rosa,pcs,1379.875,1839.8,5,11,
,,Bib Tap Regular,RSB1000,Metal,Rosa,pcs,1340.45,1787.2,5,9,
,,Moving Sink Tap L,RSB10009 L,Metal,Rosa,pcs,2503.4875,3337.9,5,4,
,,Moving Sink Mixer,RSB1010,Metal,Rosa,pcs,5322.375,7096.3,5,1,
,,Moving Besin Mixer,RSB 1011,Metal,Rosa,pcs,4415.6,5887.3,5,1,
,,Moving Sink Mixer,PER 2007,Metal,Rosa,pcs,5282.95,7043.8,5,1,
,,Besin Mixer Short,VEN 2502,Metal,Rosa,pcs,3913.75,5218.2,5,7,
,,Basin Mixer Tall,VEN2504,Metal,Rosa,pcs,7609.025,10145.1,5,1,
,,Bath  Tub Mixer,VEN 2506,Metal,Rosa,pcs,6702.25,8936.1,5,4,
,,Single LevearPillar Tap,LFT 16001,Metal,Rosa,pcs,2523.2,3364.2,5,1,
,,6'' Head Shower,BA001,Metal,Rosa,pcs,1419.3,1892.4,5,1,
,,4'' Floor Drain,BA006,Metal,Rosa,pcs,2128.95,2838.5,5,6,
,,Moving Shower ,BA019,Metal,Rosa,pcs,1931.8,2575.7,5,4,
,,Bath Spout 2 Way,BSP004,Metal,Rosa,pcs,2128.95,2838.5,5,3,
,,Angale Bulv,RSBAV001,Metal,Rosa,pcs,551.95,735.9,5,12,
,,Angale Bulv,RSBAV002,Metal,Rosa,pcs,607.14,809.5,5,4,
,,Angale Bulv,RSBAV003,Metal,Rosa,pcs,709.65,946.2,5,6,
,,24'' Towel Bar,BA033,Metal,Rosa,pcs,1695.27,2260.3,5,6,
,,Shower Mixer,TAN40010  3/4'',Metal,Rosa,pcs,7727.3,10302.8,5,1,
,,Sower Mixer,TAN40011 3/4'',Metal,Rosa,pcs,7254.2,9672.0,5,9,
,,Shower Mixer,TAN 40025 3/4'',Metal,Rosa,pcs,4021.35,5361.7,5,1,
,,Shower Mixer,TAN40026 3/4'',Metal,Rosa,pcs,5046.4,6728.4,5,6,
,,Shower Mixer,TAN40028 3/4'',Metal,Rosa,pcs,4494.45,5992.5,5,2,
,,Push Showe Smart,RPS003,Metal,Rosa,pcs,1163.03,1550.7,5,7,
,,Basin Wast Pop up,BAW022,Metal,Rosa,pcs,1222.17,1629.5,5,2,
,,Basin Weast,BAW016,Metal,Rosa,pcs,689.93,919.9,5,1,
,,Astra Metal,,,,,,0.0,5,0,
,,Products Name,,,,,,0.0,5,0,
,,Conceal Bib Cock Alena,AH2106,Metal,Astra,pcs,1365.5,1820.6,5,7,
,,Shower Mixear 3/4'',LNH 3237,Metal,Astra,pcs,7572.32,10096.2,5,1,
,,Angle Stop Valve,AV7195,Metal,Astra,pcs,644.95,859.9,5,30,
,,Shower Arms 16'',SA 7157,Metal,Astra,pcs,891,1188.0,5,13,
,,Towel Bar 24'' Taitan,TG 5161,Metal,Astra,pcs,2145.68,2860.8,5,2,
,,Bath Towel Bar,BTB7162,Metal,Astra,pcs,1291.29,1721.7,5,2,
,,Bath Towel Bar,BTB 7163,Metal,Astra,pcs,1764.26,2352.3,5,6,
,,,LNH 3237,Metal,Astra,pcs,,0.0,5,1,
,,Shower Head 4'',MS7147,Metal,Astra,pcs,2193.54,2924.6,5,2,
,,Conceal Bib Cock,SH1306,Metal,Astra,pcs,1429.3,1905.7,5,15,
,,Basin Waste Net,BW 7101,Metal,Astra,pcs,577.68,770.2,5,8,
,,Basin Waste Pop Up,BW 7103,Metal,Astra,pcs,737.19,982.9,5,2,
,,Basin Waist,TG 5101,Metal,Astra,pcs,946.62,1262.1,5,4,
,,Angle Valve,AV 7197,Metal,Astra,pcs,746.2,994.9,5,4,
,,Angle Valve,AV7196,Metal,Astra,pcs,644.95,859.9,5,24,
,,Sope Case,SC7290,Metal,Astra,pcs,530.52,707.3,5,11,
,,Floor Strainer 5'' Zali Classic,FS 7131,Metal,Astra,pcs,1668.56,2224.7,5,3,
,,Two In Bob Cock Alena,AH2110,Metal,Astra,pcs,2421.0085,3227.9,5,4,
,,Basin Weast,BW 7104,Metal,Astra,pcs,823.87,1098.5,5,5,
,,Basin Weast,BW 7105,Metal,Astra,pcs,949.4,1265.8,5,11,
,, Greding Box 5'',TG 5151,Metal,Astra,pcs,1807.26,2409.6,5,2,
,,Sope Case,TG 5190,Metal,Astra,pcs,819.71,1092.9,5,1,
,,Moving Pillar Cock,AH 2111,Metal,Astra,pcs,2382.866,3177.1,5,2,
,,Paper Holder SS,TPH 7175,Metal,Astra,pcs,1373.13,1830.8,5,5,
,,Paper Holder Taitan,TG 5175,Metal,Astra,pcs,1970.23,2626.9,5,3,
,,Moving Sink Cock Alena,AH 2117,Metal,Astra,pcs,2344.72,3126.2,5,2,
,,,MB 6175,Metal,Astra,pcs,,0.0,5,1,
,,Moving Shower SS 8'',RS 7153,Metal,Astra,pcs,1007.26,1343.0,5,8,
,,Bath Tub Mixer,TG 5135,Metal,Astra,pcs,6812.944,9083.7,5,2,
,,Rain Shower Taitan 12'',RG 5143,Metal,Astra,pcs,3030.59,4040.7,5,1,
,,Toilet Paper Holder,TPH7176,Metal,Astra,pcs,1300.31,1733.7,5,1,
,,Shower Head 10'' SS,RS7155,Metal,Astra,pcs,2635.3,3513.6,5,1,
,,,VAN 2506,Metal,Astra,pcs,,0.0,5,0,
,,Basin Mixer Taitan,TG 5130,Metal,Astra,pcs,5898.21,7864.1,5,0,
,,Basin Mixer Taitan,,Metal,Astra,pcs,8082.74,10776.7,5,1,
,,Sink Mixer Floor Mounted,TG 5139,Metal,Astra,pcs,5500.14,7333.3,5,0,
,,Taps Paragon,PS7183,Metal,Astra,pcs,930.677,1240.9,5,0,
,,Push Shower Elegant,,Metal,Astra,pcs,,0.0,5,0,
,,,,Metal,Astra,pcs,,,5,0,
,,Marquis Metal,,,,,Marquis Metal,,5,0,
,,Products Name,,,,,,,5,0,
,,,F3002,,,,,,5,0,
,,,F3003,,,,,,5,0,
,,,F3007,,,,,,5,0,
,,Basin Mixer,F30013,,,,4960,,5,1,
,,,F3008,,,,,,5,0,
,,Long Basin Mixer,F30014,,,,8400,,5,1,
,,Basin Mixer Gold,F30019 GA,,,,6800,,5,1,
,,,F30020,,,,,,5,1,
,,Basin Mixer,F30024,,,,6000,,5,1,
,,Long Basin Mixer,F30025,,,,9600,,5,1,
,,Basin Mixer,F30031,,,,6800,,5,1,
,,Long Basin Mixer,F30032,,,,8400,,5,0,
,,Basin Mixer,F30037,,,,3120,,5,0,
,,Long Basin Mixer,F30038,,,,3680,,5,1,
,,Pillar Cock,F30041,,,,2400,,5,2,
,,Long Pillar Cock,F30042,,,,2840,,5,0,
,,Moving Shower 4'',P04007,,,,760,,5,1,
,,Head Shower 8'',P050001,,,,1320,,5,1,
,,Head Shower 10'',P050003,,,,1120,,5,1,
,,Head Shower 8'',P040015,,,,1200,,5,1,
,,Hand Shower Set,S3001S,,,,1280,,5,2,
,,Hand Shower Set,S3002S,,,,1640,,5,1,
,,Hand Shower Set,S30003S,,,,1480,,5,2,
,,Wall Sink Mixer,F30028,,,,5600,,5,1,
,,Wall Sink Mixer,F30039,,,,3000,,5,1,
,,,F30030,,,,,,5,0,
,,Sink Mixer,F30036,,,,3480,,5,2,
,,Wall Sink Cock,F30044,,,,1920,,5,1,
,,Sink Cock,F30043,,,,1800,,5,0,
,,Towel Ring,BA60010,,,,1600,,5,1,
,,Glass Self,BA50031,,,,1440,,5,1,
,,Tissu Holdar,BA6006,,,,1720,,5,1,
,,Tissu Holdar,BA50016,,,,1440,,5,5,
,,Toilet Push Shower,SP110101,,,,2040,,5,1,
,,Toilet Push Shower,SP100101,,,,760,,5,11,
,,Toilet Push Shower,SP060301,,,,960,,5,3,
,,Flor Drain 6'',A18049,,,,1280,,5,1,
,,Liquid Box,BA50012,,,,640,,5,1,
,,Liquid Box,BA50019,,,,1880,,5,0,
,,Flor Drain 5'',A18052,,,,1920,,5,1,
,,,A18051,,,,,,5,0,
,,Angle Valve,A18008,,,,1000,,5,1,
,,High Pillar Cock,FT1007,,,,3600,,5,1,
,,Hand Shower Set,S20001S,,,,1360,,5,1,
,,Towel Bar,BA50017,,,,1840,,5,1,
,,Sink Mixer,F30029,,,,9200,,5,1,
,,Towel Self,BA50021,,,,3840,,5,1,
,,Towel Bar,BA40001,,,,1920,,5,1,
,,Floor Drain 5'',A18043,,,,1880,,5,1,
,,Angle Valve,A18007,,,,720,,5,2,
,,Moving Head Shower,P040006,,,,720,,5,1,
,,Shop Basket,BA50020,,,,1520,,5,1,
,,Shower Mixer Set,M399012,,,,25000,,5,1,
,,Shower Mixer Set,M39901,,,,12400,,5,1,
,,Shop Basket,BA60009,,,,2040,,5,1,
,,Marquis Ceramic,,,,,,,5,0,
,,Products Name,,,,,,,5,0,
,,High Commod,C70060,,,,25600,,5,1,
,,High Commod,C80002 Ivory,,,,19600,,5,1,
,,High Commod,C70061,,,,26240,,5,1,
,,High Commod,C70059,,,,25600,,5,1,
,,P.Basin,C70082,,,,14000,,5,1,
,,Top Basin,C70070,,,,10240,,5,1,
,,Top Basin,C70080,,,,14800,,5,1,
,,Top Basin,C70068,,,,10960,,5,1,
,,Wall Basin,C70081,,,,14000,,5,1,
,,Tow Gass Burner,DFGB2D,,,,13200,,5,1,
,,Tow Gass Burner,DF-GB 2C,,,,11040,,5,1,
,,Sink 18/30'',MSA7004,,,,8400,,5,1,
,,Kitchen Hood,DF KH4A,,,,18240,,5,2,
,,Three Gass Burner,DF GB3D,,,,15600,,5,1,
,,Rosa Ceramic,,,,,,,5,0,
,,Products Name,,,,,,,5,0,
,,High Commod,Volga,,,,18088.19,,5,2,
,,2 Part Commod,Neo,,,,7471.62,,5,1,
,,WB Shell Bowl,DR02,,,,6682.33,,5,1,
,,Linea Decor ,R02,,,,6780.27,,5,1,
,,Bangla Commod,Neo 22'',,,,1152,,5,2,
,,Supar Moon Bowl P.Basin,,,,,6436.56,,5,2,
,,P.Basin Thems Half,,,,,5307.9,,5,1,
,,P.Basin Neo,Neo 45 Cm,,,,2123.94,,5,1,
,,Top Basin Suparmoon Bowl,DR04,,,,6617.59,,5,1,
,,P.Basin,Victoria 55 Cm,,,,6026.28,,5,1,
,,,,,,,,,5,0,
,,Rehome Metal,,,,,,,5,0,
,,Products Name,,,,,,,5,0,
,,Moving Shower,MS 523,,,,990,,5,11,
,,Moving Pillar Cock,RHM-L601,,,,1368,,5,1,
,,Tow in Bib Cock,RHM C-104,,,,1792.8,,5,5,
,,Pillar Cock,T-105,,,,1386,,5,3,
,,Pillar Cock,C-105,,,,1364.4,,5,6,
,,Bib Cock,D-101,,,,1026,,5,7,
,,Bib Cock,C-101,,,,1004.4,,5,30,
,,Bib Cock,TM-102,,,,900,,5,5,
,,Towel Rail,TR-321,,,,810,,5,2,
,,Tissu Holdar,TH-012,,,,576,,5,-3,
,,Sope Case Sigle,SC-010,,,,360,,5,43,
,,Sope Case Double,SC-011,,,,626.4,,5,20,
,,Towel Rail,TR-326,,,,720,,5,8,
,,Towel Rail,TR-322,,,,792,,5,14,
,,Towel Ring,TR-422,,,,496.8,,5,16,
,,Towel Ring,TR-421,,,,496.8,,5,3,
,,Moving Sink Cock,RHM SP -C-602,,,,1476,,5,5,
,,Basin Weast,BW-423,,,,396,,5,19,
,,Angle Valve,ANG-201,,,,496.8,,5,31,
,,Conceal Stop Cock 3/4,T-201,,,,950.4,,5,1,
,,Sink Bib Cock,T-103,,,,1314,,5,2,
,,Conceal Stop Cock 3/4,T-301,,,,1339.2,,5,5,
,,Jali,5'' Jali,,,,111.6,,5,71,
,,Moving Pillar Cock,C-601,,,,1476,,5,12,
,,Moving Shower,MS-521,,,,846,,5,4,
,,Moving Pillar Cock,T-601,,,,1512,,5,5,
,,Moving Pillar Cock,D-501,,,,1728,,5,7,
,,Moving Pillar Cock,T-501,,,,1728,,5,3,
,,Conceal Stop Cock 3/4,D-302,,,,1209.6,,5,2,
,,Conceal Stop Cock 3/4,C-301,,,,1321.2,,5,5,
,,Bib Cock,L-102,,,,889.2,,5,29,
,,Conceal Stop Cock 3/4,D-301,,,,1339.2,,5,3,
,,5'' Box Jali,,,,,150.48,,5,46,
,,Moving Pillar Cock,D-601,,,,1310.4,,5,4,
,,Moving Pillar Cock,C-501,,,,1710,,5,3,
,,Bath Mixer,BTM-908,,,,5529.6,,5,5,
,,Angle Valve,ANG-301,,,,424.8,,5,61,
,,Shower Mixer,SM-4-1005,,,,6336,,5,7,
,,Bah Mixer,T-703,,,,4352.4,,5,5,
,,Conceal Stop Cock 3/4,T-302,,,,1209.6,,5,4,
,,Moving Pillar Cock Livear,RHM L-601,,,,1368,,5,9,
,,Bath Mixer,D-703,,,,4352.4,,5,5,
,,Conceal Stop Cock 3/4,C-302,,,,1188,,5,4,
,,Sink Mixer,C-702,,,,3456,,5,2,
,,Shower Mixer 3/4,SM-4-1002,,,,6336,,5,6,
,,Sink Mixer,SM-909,,,,5025.6,,5,6,
,,Moving Sink Cock,T-502,,,,1728,,5,4,
,,Moving Sink Cock,RHM-T-602,,,,1512,,5,2,
,,Moving Sink Cock,D-602,,,,1512,,5,3,
,,Moving Shower,MS-522,,,,936,,5,3,
,,Moving Sink Cock Lever,L-602,,,,1368,,5,3,
,,Bath Mixer,C-703,,,,4316.4,,5,5,
,,Moving Sink Cock,D-502,,,,1728,,5,4,
,,Moving Pillar Cock,C-601,,,,1476,,5,5,
,,Towel Rail 24'',TR-325,,,,770.4,,5,3,
,,Towel Rail 24'',TR-323,,,,856.8,,5,10,
,,Concel Bib Cock,C-102,,,,914.4,,5,1,
,,Sink Bib Cock,C-103,,,,1292.4,,5,2,
,,Basin Mixer,BM-907,,,,3996,,5,2,
,,Moving Sink Cock,C-502,,,,1710,,5,4,
,,Supar Star,Supar Star,,,,,,5,0,
,,Products Name,,,,,,,5,0,
,,Fan Daimond 56'',Daimond,,,,3100,,5,25,
,,Fan 56'',Classic,,,,3000,,5,12,
,,Fan 56'',Golden Art,,,,3800,,5,10,
,,Fan 56'',Lucky,,,,30000,,5,15,
,,Fan 36'',Premium,,,,2850,,5,1,
,,Fan 48'',Premium,,,,2900,,5,3,
,,Fan 48'',Lucky,,,,2900,,5,3,
,,Light,,,,,,,5,0,
,,Light 12 watt,Surpase Square,,,,451,,5,6,
,,Light 18 watt,Surpase Square,,,,689,,5,4,
,,Light 50 Watt LED,Flad,,,,2000,,5,5,
,,A/C D/C 12 watt,Emarzency,,,,570,,5,21,
,, 15 watt,LED,,,,308,,5,19,
,,12 Watt,LED,,,,280,,5,24,
,,18 Watt,LED,,,,367.5,,5,1,
,,9 Watt,LED,,,,227.5,,5,20,
,,20 Watt LED,Bijoy,,,,253.5,,5,9,
,,18 Wtt LED,Bijoy,,,,234,,5,8,
,,15 Watt LED,Bijoy,,,,201.5,,5,17,
,,12 Watt LED,Bijoy,,,,188.5,,5,16,
,,9 Watt LWD,Bijoy,,,,162.5,,5,14,
,,23 Watt A/C D/C,Emarzency,,,,,,5,4,
,,18 Watt A/C D/C,Emarzency,,,,,,5,12,
,,40 Watt Light,Tube,,,,480,,5,15,
,,,,,,,,,5,0,
,,,,,,,,,5,0,
,,,,,,,,,5,0,
,,,,,,,,,5,0,
,,,,,,,,,5,0,
,,Walton Safe,Walton Safe,,,,,,5,0,
,,Products Name,,,,,,,5,0,
,,1 Gang Switch One Way,Luxer ,,,,,,5,10,
,,2 Gang Switch One Way,,,,,,,5,20,
,,3 Gang Switch One Way,,,,,,,5,20,
,,4 Gang Switch One Way,,,,,,,5,20,
,,3 Pin Round Socket With Switch,,,,,,,5,10,
,,45 A DP Switch,,,,,,,5,20,
,,5 Pin Socket With Switch,,,,,,,5,30,
,,Blank Plate,,,,,,,5,10,
,,Data Socket,,,,,,,5,10,
,,Bell Push,,,,,,,5,10,
,,Fan Dimmar,,,,,,,5,20,
,,T.V Socket,,,,,,,5,10,
,,T.P Socket,,,,,,,5,10,
,,,Black Diamond,,,,,,5,0,
,,1 Gang Switch One Way,,,,,,,5,20,
,,2 Gang Switch One Way,,,,,,,5,20,
,,3 Gang Switch One Way,,,,,,,5,30,
,,4 Gang Switch One Way,,,,,,,5,20,
,,3 Pin Round Socket With Switch,,,,,,,5,20,
,,45 A DP Switch,,,,,,,5,20,
,,5 Pin Socket With Switch,,,,,,,5,40,
,,Blank Plate,,,,,,,5,10,
,,Data Socket,,,,,,,5,10,
,,Bell Push,,,,,,,5,10,
,,Fan Dimmar,,,,,,,5,20,
,,T.V Socket,,,,,,,5,10,
,,T.P Socket,,,,,,,5,10,
,,3 Pin Universal Socket With Switch,,,,,,,5,20,
,,,Classy,,,,,,5,0,
,,1 Gang Switch One Way,,,,,,,5,38,
,,2 Gang Switch One Way,,,,,,,5,37,
,,3 Gang Switch One Way,,,,,,,5,60,
,,4 Gang Switch One Way,,,,,,,5,0,
,,3 Pin Round Socket With Switch,,,,,,,5,30,
,,45 A DP Switch,,,,,,,5,0,
,,8 Pin Socket With Switch,,,,,,,5,210,
,,Blank Plate,,,,,,,5,20,
,,Data Socket,,,,,,,5,30,
,,Bell Push,,,,,,,5,20,
,,Fan Dimmar,,,,,,,5,60,
,,T.V Socket,,,,,,,5,30,
,,T.P Socket,,,,,,,5,20,
,,3 Pin Universal Socket,,,,,,,5,99,
,,,Melodica,,,,,,5,0,
,,1 Gang Switch One Way,,,,,,,5,20,
,,2 Gang Switch One Way,,,,,,,5,20,
,,3 Gang Switch One Way,,,,,,,5,30,
,,4 Gang Switch One Way,,,,,,,5,20,
,,3 Pin Round Socket With Switch,,,,,,,5,30,
,,45 A DP Switch,,,,,,,5,20,
,,5 Pin Socket With Switch,,,,,,,5,40,
,,Blank Plate,,,,,,,5,10,
,,Data Socket,,,,,,,5,10,
,,Bell Push,,,,,,,5,10,
,,Fan Dimmar,,,,,,,5,20,
,,T.V Socket,,,,,,,5,10,
,,T.P Socket,,,,,,,5,10,
,,3 Pin Universal Socket,,,,,,,5,20,
,,,Titan,,,,,,5,0,
,,1 Gang Switch One Way,,,,,,,5,10,
,,2 Gang Switch One Way,,,,,,,5,20,
,,3 Gang Switch One Way,,,,,,,5,30,
,,4 Gang Switch One Way,,,,,,,5,20,
,,3 Pin Round Socket With Switch,,,,,,,5,10,
,,45 A DP Switch,,,,,,,5,10,
,,5 Pin Socket With Switch,,,,,,,5,30,
,,Blank Plate,,,,,,,5,10,
,,Data Socket,,,,,,,5,10,
,,Bell Push,,,,,,,5,10,
,,Fan Dimmar,,,,,,,5,10,
,,T.V Socket,,,,,,,5,10,
,,T.P Socket,,,,,,,5,10,
,,3 Pin Universal Socket,,,,,,,5,0,
,,,,,,,,,5,0,
,,Two Pin Plug 10 A,,,,,,,5,96,
,,Fan Capacitor 2.5 Uf,,,,,,,5,48,
,,Fan Capacitor 3.5 Uf,,,,,,,5,48,
,,Fancy Bulb Holder Combo,,,,,,,5,108,
,,Fancy Celling Rose,,,,,,,5,36,
,,Octagonal Bulb Holder Combo,,,,,,,5,174,
,,Pendant Holder B22,,,,,,,5,60,
,,Pendant Holder E27,,,,,,,5,60,
,,LED Spot Down Light Round 7 Watt,Fusion,,,,,,5,20,
,,Dimond A LED Bulb 12 Watt B22,,,,,,,5,40,
,,Dimond A LED Bulb 15 Watt B22,,,,,,,5,40,
,,Dimond A LED Bulb 18 Watt B22,,,,,,,5,24,
,,Dimond A LED Bulb 7 Watt B22,,,,,,,5,40,
,,DB Box DP 2 way,,,,,,,5,60,
,,DB Box SP 1 way,,,,,,,5,36,
,,LED Flood Light 30 Watt,,,,,,,5,5,
,,LED Flood Light 50 Watt,,,,,,,5,5,
,,LED Ultra Surface panel Light SPLR 225/18 watt,,,,,,,5,10,
,,LED Ultra Surface panel Light DSPLR 200/15 Watt,,,,,,,5,5,
,,LED Ultra Surface panel Light DSPLS 225/18 watt,,,,,,,5,10,
,,LED Ultra Surface panel Light SPLS 200/15 watt,,,,,,,5,10,
,,,,,,,,,5,0,
,,,,,,,,,5,0,
,,,,,,,,,5,0,
,,,,,,,,,5,0,
,,,,,,,,,5,0,
,,,,,,,,,5,0,
,,,,,,,,,5,0,
,,,,,,,,,5,0,
,,,,,,,,,5,0,
,,,,,,,,,5,0,
,,,,,,,,,5,0,
,,,,,,,,,5,0,
,,,,,,,,,5,0,
,,,RDNA,,,,,,5,0,
,,,V-31 carbon gray,,,,,,5,0,
,,Fan Dimmar,,,,,,,5,2,
,,DP Switch,,,,,,,5,11,
,,AC Socket,,,,,,,5,3,
,,CP Socket,,,,,,,5,14,
,,5 Pin Socket With Switch,,,,,,,5,22,
,,Blank Cover,,,,,,,5,10,
,,Bell Push,,,,,,,5,8,
,,3 Gray,,,,,,,5,2,
,,4 Gray,,,,,,,5,1,
,,2 Gray,,,,,,,5,1,
,,3 Pin Socket,,,,,,,5,1,
,,TV Socket,,,,,,,5,8,
,,,A 69 Series,,,,,,5,0,
,,3 Gray Switch,,,,,,,5,3,
,,2 Gray Switch,,,,,,,5,1,
,,Fan Dimmer,,,,,,,5,1,
,,DP Switch,,,,,,,5,1,
,,3 Pin Socket,,,,,,,5,1,
,,,,,,,,,5,0,
,,,V 31 Black,,,,,,5,0,
,,Fan Dimmer,,,,,,,5,21,
,,2 Gang,,,,,,,5,22,
,,TV Socket,,,,,,,5,19,
,,3 Pin Socket,,,,,,,5,30,
,,5 Pin Socket,,,,,,,5,23,
,,1 Gang Switch,,,,,,,5,21,
,,TP Socket,,,,,,,5,13,
,,3 Gang Switch,,,,,,,5,20,
,,DP Switch,,,,,,,5,8,
,,Blank Cover,,,,,,,5,2,
,,Bell Push,,,,,,,5,1,
,,4 Gang Switch,,,,,,,5,7,
,,AC Socket,,,,,,,5,9,
,,,,,,,,,5,0,
,,,V31 White,,,,,,5,0,
,,AC Socket,,,,,,,5,22,
,,DP Switch,,,,,,,5,30,
,,3 Pin Socket,,,,,,,5,18,
,,1 Gang Switch,,,,,,,5,25,
,,3 Gang Switch,,,,,,,5,37,
,,Fan Dimmer,,,,,,,5,7,
,,2 Gang Switch,,,,,,,5,25,
,,Bell Push,,,,,,,5,4,
,,TP Socket,,,,,,,5,27,
,,5 Pin Socket,,,,,,,5,36,
,,Blank Cover,,,,,,,5,10,
,,TV Socket,,,,,,,5,13,
,,Internet Socket,,,,,,,5,26,
,,4 Gang,,,,,,,5,2,
,,,,,,,,,5,0,
,,,E9 Series=White,,,,,,5,0,
,,Internet Socket,,,,,,,5,4,
,,Blank Cover,,,,,,,5,5,
,,4 Gang Switch,,,,,,,5,2,
,,3 Gang Switch,,,,,,,5,3,
,,2 Gang Switch,,,,,,,5,6,
,,3 Pin Socket,,,,,,,5,1,
,,1 Gang,,,,,,,5,1,
,,DP Switch,,,,,,,5,2,
,,5 Pin Socket,,,,,,,5,1,
,,,,,,,,,5,0,
,,RFL,,,,,,,5,0,
,,,Flash Tank,,,,,,5,0,
,,Platinum,,,,,,,5,7,
,,,,,,,,,5,0,
,,,Flash Tank,,,,,,5,0,
,,3D,,,,,,,5,3,
,,,,,,,,,5,0,
,,,,,,,,,5,0,
,,Tissu Holder(RFL),,,,,,,5,7,
,,,,,,,,,5,0,
,,,,,,,,,5,0,
,,Glass Self(RFL),,,,,,,5,8,
,,,,,,,,,5,0,
,,,,,,,,,5,0,
,,Toilet,,,,,,,5,5,
,,,Tender Series,,,,,,5,0,
,,3 Pin Socket,,,,,,,5,5,
,,,,,,,,,5,0,
,,Matador,,,,,,,5,0,
,,Push Shower Classic,,,,,,,5,15,
,,Push Shower Ultra ,,,,,,,5,18,
,,Push Shower Euroslim,,,,,,,5,20,
,,,Magic Pipe,,,,,,5,0,
,,1.5 Inc,,,,,,,5,60,
,,1.25 Inc,,,,,,,5,7,
,,,,,,,,,5,0,
,,,Connention Pipe,,,,,,5,0,
,,36 Inc,,,,,,,5,24,
,,30 Inc,,,,,,,5,21,
,,,,,,,,,5,0,
,,,,,,,,,5,0,
,,Black,,,,,,,5,18,
,,White,,,,,,,5,14,
,,,,,,,,,5,0,
,,N.Mohammad ,,,,,,,5,0,
,,,,,,,,,5,0,
,,1.25 Inc,,,,,,,5,1,
,,1.50 Inc,,,,,,,5,49,
,,,,,,,,,5,0,
,,PP,,,,,,,5,23,
,,ABS,,,,,,,5,18,
,,,,,,,,,5,0,
,,Basin Tape 6 Inc,,,,,,,5,13,
,,Sink Cock,,,,,,,5,33,
,,Angle Stock,,,,,,,5,14,
,,Soup Case(D),,,,,,,5,12,
,,Wass Bashin Tape,,,,,,,5,6,
,,Drain Net(Jali),,,,,,,5,14,
,,,,,,,,,5,0,
,,48 Inc,,,,,,,5,13,
,,24 Inc,,,,,,,5,18,
,,36 Inc,,,,,,,5,36,
,,,,,,,,,5,0,
,,Soup Case (Single),,,,,,,5,17,
,,,,,,,,,5,0,
,,,,,,,,,5,0,
,,Queen,,,,,,,5,4,
,,3D,,,,,,,5,3,
,,,,,,,,,5,0,
,,Push Shower,,,,,,,5,15,
,,Towel Rill,,,,,,,5,8,
,,Head Shower,,,,,,,5,27,
,,Bashin Tape(Supreme),,,,,,,5,8,
,,,Corner Rock,,,,,,5,0,
,,2 Layer,,,,,,,5,4,
,,3 Layer,,,,,,,5,4,
,,,,,,,,,5,0,
,,Walton Cable,,,,,,,5,0,
Walton Cable,,,1*4.0 RM,,,,,,5,0,
,,Red,,Electrical,walton,Coil,8501,11921.0,5,6,
,,Black,,Electrical,walton,Coil,8501,11921.0,5,2,
,,Blue,,Electrical,walton,Coil,8501,11921.0,5,5,
,,Yellow,,Electrical,walton,Coil,8501,11921.0,5,3,
,,Green,,Electrical,walton,Coil,8501,11921.0,5,2,
,,,,Electrical,walton,Coil,,0.0,5,0,
,,,1*6.0 RM,Electrical,walton,Coil,,0.0,5,0,
,,Red,,Electrical,walton,Coil,12697,17805.0,5,2,
,,Black,,Electrical,walton,Coil,12697,17805.0,5,0,
,,Blue,,Electrical,walton,Coil,12697,17805.0,5,0,
,,Yellow,,Electrical,walton,Coil,12697,17805.0,5,0,
,,Green,,Electrical,walton,Coil,12697,17805.0,5,0,
,,,,Electrical,walton,Coil,12697,17805.0,5,0,
,,,1*7.0 RM,Electrical,walton,Coil,,0.0,5,0,
,,Red,,Electrical,walton,Coil,14651,20545.1,5,3,
,,Black,,Electrical,walton,Coil,14651,20545.1,5,2,
,,Blue,,Electrical,walton,Coil,14651,20545.1,5,3,
,,Yellow,,Electrical,walton,Coil,14651,20545.1,5,2,
,,Green,,Electrical,walton,Coil,14651,20545.1,5,3,
,,,,Electrical,walton,Coil,14651,20545.1,5,0,
,,,1*10 RM,Electrical,walton,Coil,,0.0,5,0,
,,Red,,Electrical,walton,Coil,21066,29540.9,5,0,
,,Black,,Electrical,walton,Coil,21066,29540.9,5,3,
,,Blue,,Electrical,walton,Coil,21066,29540.9,5,0,
,,Yellow,,Electrical,walton,Coil,21066,29540.9,5,0,
,,Green,,Electrical,walton,Coil,21066,29540.9,5,0,
,,,,Electrical,walton,Coil,21066,29540.9,5,0,
,,,1*1.3 RM,Electrical,walton,Coil,,0.0,5,0,
,,Red,,Electrical,walton,Coil,2984,4184.5,5,80,
,,Black,,Electrical,walton,Coil,2984,4184.5,5,69,
,,Blue,,Electrical,walton,Coil,2984,4184.5,5,15,
,,Yellow,,Electrical,walton,Coil,2984,4184.5,5,19,
,,Green,,Electrical,walton,Coil,2984,4184.5,5,5,
,,,1*1.5 Re,Electrical,walton,Coil,,0.0,5,0,
,,Red,,Electrical,walton,Coil,3308,4638.8,5,0,
,,Black,,Electrical,walton,Coil,3308,4638.8,5,0,
,,Blue,,Electrical,walton,Coil,3308,4638.8,5,0,
,,Yellow,,Electrical,walton,Coil,3308,4638.8,5,0,
,,Green,,Electrical,walton,Coil,3308,4638.8,5,8,
,,,1*1.5 RM,Electrical,walton,Coil,,0.0,5,0,
,,Red,,Electrical,walton,Coil,3422,4798.7,5,33,
,,Black,,Electrical,walton,Coil,3422,4798.7,5,37,
,,Blue,,Electrical,walton,Coil,3422,4798.7,5,33,
,,Yellow,,Electrical,walton,Coil,3422,4798.7,5,12,
,,Green,,Electrical,walton,Coil,3422,4798.7,5,3,
,,,1*2.0 RM,Electrical,walton,Coil,,0.0,5,0,
,,Red,,Electrical,walton,Coil,4531,6353.8,5,23,
,,Black,,Electrical,walton,Coil,4531,6353.8,5,22,
,,Blue,,Electrical,walton,Coil,4531,6353.8,5,5,
,,Yellow,,Electrical,walton,Coil,4531,6353.8,5,3,
,,Green,,Electrical,walton,Coil,4531,6353.8,5,0,
,,,1*2.5 RM,Electrical,walton,Coil,,0.0,5,0,
,,Red,,Electrical,walton,Coil,5462,7659.4,5,18,
,,Black,,Electrical,walton,Coil,5462,7659.4,5,2,
,,Blue,,Electrical,walton,Coil,5462,7659.4,5,14,
,,Yellow,,Electrical,walton,Coil,5462,7659.4,5,14,
,,Green,,Electrical,walton,Coil,5462,7659.4,5,4,
,,,1*3.0 RM,Electrical,walton,Coil,,0.0,5,0,
,,Red,,Electrical,walton,Coil,6578,9224.3,5,13,
,,Black,,Electrical,walton,Coil,6578,9224.3,5,8,
,,Blue,,Electrical,walton,Coil,6578,9224.3,5,10,
,,Yellow,,Electrical,walton,Coil,6578,9224.3,5,4,
,,Green,,Electrical,walton,Coil,6578,9224.3,5,5,
,,,RG6,Electrical,walton,Coil,,0.0,5,0,
,,RG6,,Electrical,walton,Coil,7801,10939.3,5,,
,,,CAT6,,,,,0.0,5,,
,,CAT6,,Electrical,walton,Coil,6550,9185.1,5,26,
,,,2 PAIR,,,,,0.0,5,,
,,2 PAIR,,Electrical,walton,Coil,3722,5219.4,5,4,
,,Schneider,,,,,,0.0,5,0,
,,"12A - AC3, 3P, Ith 25A - AC1 - Magnetic Contactor (Coil: 220V AC)",LC1D12M7,,,,,0.0,5,12,
,,"18A - AC3, 3P, Ith 32A - AC1 - Magnetic Contactor (Coil: 220V AC)",LC1D18M7,,,,,0.0,5,5,
,,"25A - AC3, 3P, Ith 40A - AC1 - Magnetic Contactor (Coil: 220V AC)",LC1D25M7,,,,,0.0,5,16,
,,"32A - AC3, 3P, Ith 50A - AC1 - Magnetic Contactor (Coil: 220V AC)",LC1D32M7,,,,,0.0,5,37,
,,"40A - AC3, 3P, Ith 60A - AC1 - Magnetic Contactor (Coil: 220V AC)",LC1D40AM7,,,,,0.0,5,0,
,,"50A - AC3, 3P, Ith 80A - AC1 - Magnetic Contactor (Coil: 220V AC)",LC1D50AM7,,,,,0.0,5,0,
,,"65A - AC3, 3P, Ith 80A - AC1 - Magnetic Contactor (Coil: 220V AC)",LC1D65AM7,,,,,0.0,5,0,
,,"1NO+1NC, Auxiliary Contact Block for Magnetic Contactor",LADN11,,,,,0.0,5,0,
,,"0.1 - 30 s On delay timer, Neumatic",LADT2,,,,,0.0,5,0,
,,0.63A - 1A Thermal Overload Relay,LRD05,,,,,0.0,5,12,
,,1A - 1.7A Thermal Overload Relay,LRD06,,,,,0.0,5,12,
,,1.6A - 2.5A Thermal Overload Relay,LRD07,,,,,0.0,5,12,
,,2.5A - 4A Thermal Overload Relay,LRD08,,,,,0.0,5,12,
,,4A - 6A Thermal Overload Relay,LRD10,,,,,0.0,5,12,
,,5.5A - 8A Thermal Overload Relay,LRD12,,,,,0.0,5,12,
,,7A - 10A Thermal Overload Relay,LRD14,,,,,0.0,5,12,
,,9A - 13A Thermal Overload Relay,LRD16,,,,,0.0,5,12,
,,12A - 18A Thermal Overload Relay,LRD21,,,,,0.0,5,12,
,,16A - 24A Thermal Overload Relay,LRD22,,,,,0.0,5,12,
,,23A - 32A Thermal Overload Relay,LRD32,,,,,0.0,5,12,
,,30A - 38A Thermal Overload Relay,LRD35,,,,,0.0,5,12,
,,37A - 50A Thermal Overload Relay,LRD350,,,,,0.0,5,12,
,,48A - 65A Thermal Overload Relay,LRD365,,,,,0.0,5,6,
,,63A - 80A Thermal Overload Relay,LRD3363,,,,,0.0,5,6,
,,"5 KVAR, Standard Duty, 3Ph, 440Vac, 50Hz Power Capacitor",MEHVCSDY050A44PB,,,,,0.0,5,0,
,,"10 KVAR, Standard Duty, 3Ph, 440Vac, 50Hz Power Capacitor",MEHVCSDY100A44,,,,,0.0,5,0,
,,"12.5 KVAR, Standard Duty, 3Ph, 440Vac, 50Hz Power Capacitor",MEHVCSDY125A44,,,,,0.0,5,0,
,,,,,,,,,5,0,
,,"2A, DP, 10kA, MCB (C Curve)",A9N2P02C,,,,,,5,0,
,,"4A, DP, 10kA, MCB (C Curve)",A9N2P04C,,,,,,5,0,
,,"6A, DP, 10kA, MCB (C Curve)",A9N2P06C,,,,,,5,0,
,,"10A, DP, 10kA, MCB (C Curve)",A9N2P10C,,,,,,5,0,
,,"16A, DP, 10kA, MCB (C Curve)",A9N2P16C,,,,,,5,0,
,,"20A, DP, 10kA, MCB (C Curve)",A9N2P20C,,,,,,5,0,
,,"25A, DP, 10kA, MCB (C Curve)",A9N2P25C,,,,,,5,0,
,,"32A, DP, 10kA, MCB (C Curve)",A9N2P32C,,,,,,5,0,
,,"40A, DP, 10kA, MCB (C Curve)",A9N2P40C,,,,,,5,0,
,,"50A, DP, 10kA, MCB (C Curve)",A9N2P50C,,,,,,5,0,
,,"63A, DP, 10kA, MCB (C Curve)",A9N2P63C,,,,,,5,0,
,,,,,,,,,5,0,
,,"2A, SP, 10kA, MCB (C Curve)",A9N1P02C,,,,,,5,0,
,,"4A, SP, 10kA, MCB (C Curve)",A9N1P04C,,,,,,5,0,
,,"6A, SP, 10kA, MCB (C Curve)",A9N1P06C,,,,,,5,0,
,,"10A, SP, 10kA, MCB (C Curve)",A9N1P10C,,,,,,5,0,
,,"16A, SP, 10kA, MCB (C Curve)",A9N1P16C,,,,,,5,0,
,,"20A, SP, 10kA, MCB (C Curve)",A9N1P20C,,,,,,5,0,
,,"25A, SP, 10kA, MCB (C Curve)",A9N1P25C,,,,,,5,0,
,,"32A, SP, 10kA, MCB (C Curve)",A9N1P32C,,,,,,5,0,
,,"40A, SP, 10kA, MCB (C Curve)",A9N1P40C,,,,,,5,0,
,,"50A, SP, 10kA, MCB (C Curve)",A9N1P50C,,,,,,5,0,
,,"63A, SP, 10kA, MCB (C Curve)",A9N1P63C,,,,,,5,0,
,,,,,,,,,5,0,
,,"2A, TP, 10kA, MCB (C Curve)",A9N3P02C,,,,,,5,0,
,,"4A, TP, 10kA, MCB (C Curve)",A9N3P04C,,,,,,5,0,
,,"6A, TP, 10kA, MCB (C Curve)",A9N3P06C,,,,,,5,0,
,,"10A, TP, 10kA, MCB (C Curve)",A9N3P10C,,,,,,5,0,
,,"16A, TP, 10kA, MCB (C Curve)",A9N3P16C,,,,,,5,0,
,,"20A, TP, 10kA, MCB (C Curve)",A9N3P20C,,,,,,5,0,
,,"25A, TP, 10kA, MCB (C Curve)",A9N3P25C,,,,,,5,0,
,,"32A, TP, 10kA, MCB (C Curve)",A9N3P32C,,,,,,5,0,
,,"40A, TP, 10kA, MCB (C Curve)",A9N3P40C,,,,,,5,0,
,,"50A, TP, 10kA, MCB (C Curve)",A9N3P50C,,,,,,5,0,
,,"63A, TP, 10kA, MCB (C Curve)",A9N3P63C,,,,,,5,0,
,,,,,,,,,5,0,
,,,,,,,,,5,0,
,,"2A, 4P, 10kA, MCB (C Curve)",A9N4P02C,,,,,,5,0,
,,"4A, 4P, 10kA, MCB (C Curve)",A9N4P04C,,,,,,5,0,
,,"6A, 4P, 10kA, MCB (C Curve)",A9N4P06C,,,,,,5,0,
,,"10A, 4P, 10kA, MCB (C Curve)",A9N4P10C,,,,,,5,0,
,,"16A, 4P, 10kA, MCB (C Curve)",A9N4P16C,,,,,,5,0,
,,"20A, 4P, 10kA, MCB (C Curve)",A9N4P20C,,,,,,5,0,
,,"25A, 4P, 10kA, MCB (C Curve)",A9N4P25C,,,,,,5,0,
,,"32A, 4P, 10kA, MCB (C Curve)",A9N4P32C,,,,,,5,0,
,,"40A, 4P, 10kA, MCB (C Curve)",A9N4P40C,,,,,,5,0,
,,"50A, 4P, 10kA, MCB (C Curve)",A9N4P50C,,,,,,5,0,
,,"63A, 4P, 10kA, MCB (C Curve)",A9N4P63C,,,,,,5,0,
,,,,,,,,,5,0,
,,"Acti9 xID, 2p, 25A, 30mA/300mA",A9N16201/A9N16202,,,,,,5,0,
,,"Acti9 xID, 2p, 40A, 30mA",A9N16204,,,,,,5,0,
,,"Acti9 xID, 2p, 40A, 300mA",A9N16206,,,,,,5,0,
,,"Acti9 xID, 2p, 40A, 100mA",A9N16205,,,,,,5,0,
,,"Acti9 xID, 2p, 63A, 30mA",A9N16208,,,,,,5,0,
,,"Acti9 xID, 2p, 63A, 100mA",A9N16209,,,,,,5,0,
,,"Acti9 xID, 2p, 63A, 300mA",A9N16210,,,,,,5,0,
,,"Acti9 xID, 2p, 80A, 300mA/300A",A9N16212/A9N16214,,,,,,5,0,
,,,,,,,,,5,0,
,,"Acti9 xID, 4P, 25A, 30mA/300mA",A9N16251/A9N16252,,,,,,5,0,
,,"Acti9 xID, 4P, 40A, 30mA",A9N16254,,,,,,5,0,
,,"Acti9 xID, 4P, 40A, 300mA",A9N16256,,,,,,5,0,
,,"Acti9 xID, 4P, 40A, 100mA",A9N16255,,,,,,5,0,
,,"Acti9 xID, 4P, 63A, 30mA",A9N16258,,,,,,5,0,
,,"Acti9 xID, 4P, 63A, 300mA",A9N16260,,,,,,5,0,
,,"Acti9 xID, 4P, 63A, 100mA",A9N16259,,,,,,5,0,
,,"Acti9 xID, 4P, 80A, 30mA/300mA",A9N16261/A9N16263,,,,,,5,0,
,,,,,,,,,5,0,
,,SPD 40KA 350V 1P+N,A9L40500,,,,,,5,0,
,,SPD 40KA 350V 3P+N With Remote Transfer,A9L40601,,,,,,5,0,
,,SPD 65KA 350V 3P+N With Remote Transfer,A9L65601,,,,,,5,0,
,,,,,,,,,5,0,
,,"15A, 3P, 15kA, MCCB (Fixed Type Trip Unit)",EZC100N3015,,,,,,5,0,
,,"20A, 3P, 15kA, MCCB (Fixed Type Trip Unit)",EZC100N3020,,,,,,5,0,
,,"25A, 3P, 15kA, MCCB (Fixed Type Trip Unit)",EZC100N3025,,,,,,5,0,
,,"30A, 3P, 15kA, MCCB (Fixed Type Trip Unit)",EZC100N3030,,,,,,5,0,
,,"40A, 3P, 15kA, MCCB (Fixed Type Trip Unit)",EZC100N3040,,,,,,5,0,
,,"50A, 3P, 15kA, MCCB (Fixed Type Trip Unit)",EZC100N3050,,,,,,5,0,
,,"60A, 3P, 15kA, MCCB (Fixed Type Trip Unit)",EZC100N3060,,,,,,5,0,
,,"75A, 3P, 15kA, MCCB (Fixed Type Trip Unit)",EZC100N3075,,,,,,5,0,
,,"80A, 3P, 15kA, MCCB (Fixed Type Trip Unit)",EZC100N3080,,,,,,5,8,
,,"100A, 3P, 15kA, MCCB (Fixed Type Trip Unit)",EZC100N3100,,,,,,5,21,
,,"125A, 3P, 25kA, MCCB (Fixed Type Trip Unit)",EZC250N3125,,,,,,5,0,
,,"150A, 3P, 25kA, MCCB (Fixed Type Trip Unit)",EZC250N3150,,,,,,5,0,
,,"160A, 3P, 25kA, MCCB (Fixed Type Trip Unit)",EZC250N3160,,,,,,5,0,
,,"175A, 3P, 25kA, MCCB (Fixed Type Trip Unit)",EZC250N3175,,,,,,5,0,
,,"200A, 3P, 36kA, MCCB (Fixed Type Trip Unit)",EZC250H3200,,,,,,5,0,
,,"225A, 3P, 36kA, MCCB (Fixed Type Trip Unit)",EZC250N3225,,,,,,5,0,
,,"250A, 3P, 36kA, MCCB (Fixed Type Trip Unit)",EZC250H3250,,,,,,5,0,
,,"250A, 3P, 25kA, MCCB (Fixed Type Trip Unit)",EZC250N3250,,,,,,5,0,
,,"300A, 3P, 36kA, MCCB (Fixed Type Trip Unit)",EZC400N3300,,,,,,5,,
,,"320A, 3P, 36kA, MCCB (Fixed Type Trip Unit)",EZC400N3320N,,,,,,5,,
,,EZC400HTM320D 3P3D CIRCUIT BREAKER,EZC400H3320N,,,,,,5,,
,,"350A, 3P, 36kA, MCCB (Fixed Type Trip Unit)",EZC400N3350N,,,,,,5,,
,,EZC400H TM350D 3P3D CIRCUIT BREAKER,EZC400H3350N,,,,,,5,,
,,"400A, 3P, 36kA, MCCB (Fixed Type Trip Unit)",EZC400N3400N,,,,,,5,,
,,EZC 400H TM400D 3P3D CIRCUIT BREAKER,EZC400H3400N,,,,,,5,,
,,,,,,,,,5,,
,,,,,,,,,5,,
,,"16A, 3P, 25kA, MCCB (Easy Pact CVS- Adjustable)",LV510300,,,,,10340.0,5,,
,,"25A, 3P, 25kA, MCCB (Easy Pact CVS- Adjustable)",LV510301,,,,,10340.0,5,,
,,"32A, 3P, 25kA, MCCB (Easy Pact CVS- Adjustable)",LV510302,,,,,10340.0,5,,
,,"40A, 3P, 25kA, MCCB (Easy Pact CVS- Adjustable)",LV510303,,,,,10340.0,5,,
,,"50A, 3P, 25kA, MCCB (Easy Pact CVS- Adjustable)",LV510304,,,,,10340.0,5,,
,,"63A, 3P, 25kA, MCCB (Easy Pact CVS- Adjustable)",LV510305,,,,,10340.0,5,,
,,"80A, 3P, 25kA, MCCB (Easy Pact CVS- Adjustable)",LV510306,,,,,10340.0,5,,
,,"100A, 3P, 25kA, MCCB (Easy Pact CVS- Adjustable)",LV510307,,,,,10340.0,5,,
,,"125A, 3P, 25kA, MCCB (Easy Pact CVS- Adjustable)",LV516302,,,,,14520.0,5,,
,,"160A, 3P, 25kA, MCCB (Easy Pact CVS- Adjustable)",LV516303,,,,,17710.0,5,,
,,"200A, 3P, 25kA, MCCB (Easy Pact CVS- Adjustable)",LV525302,,,,,26510.0,5,,
,,"250A, 3P, 36kA, MCCB (Easy Pact CVS- Adjustable)",LV525303,,,,,30910.0,5,,
,,"320A, 3P, 36kA, MCCB (Easy Pact CVS- Adjustable)",LV540305,,,,,52140.0,5,,
,,"400A, 3P, 36kA, MCCB (Easy Pact CVS- Adjustable)",LV540306(LV540406),,,,,54230.0,5,,
,,"500A, 3P, 36kA, MCCB (Easy Pact CVS- Adjustable)",LV563305,,,,,63580.0,5,,
,,"600A, 3p, 36kA, MCCB (Easy pact CVS- Adjustable)",LV563306,,,,,68750.0,5,,
,,,,,,,,,5,,
,,,,,,,,,5,,
,,"16A, 3P, 36kA, MCCB (Adjustable type Trip Unit)",NSX100F+TM16D (LV432637) / C10F3TM016,,,,,13640.0,5,,
,,"25A, 3P, 36kA, MCCB (Adjustable type Trip Unit)",NSX100F+TM25D (LV429636) / C10F3TM025,,,,,13640.0,5,,
,,"32A, 3P, 36kA, MCCB (Adjustable type Trip Unit)",NSX100F+TM32D (LV429635) / C10F3TM032,,,,,13640.0,5,,
,,"40A, 3P, 36kA, MCCB (Adjustable type Trip Unit)",NSX100F+TM40D (LV429634) / C10F3TM040,,,,,13640.0,5,,
,,"50A, 3P, 36kA, MCCB (Adjustable type Trip Unit)",NSX100F+TM50D (LV429633) / C10F3TM050,,,,,13640.0,5,,
,,"63A, 3P, 36kA, MCCB (Adjustable type Trip Unit)",NSX100F+TM63D (LV429632) / C10F3TM063,,,,,13640.0,5,,
,,"80A, 3P, 36kA, MCCB (Adjustable type Trip Unit)",NSX100F+TM80D (LV429631) / C10F3TM080,,,,,15840.0,5,,
,,"100A, 3P, 36kA, MCCB (Adjustable type Trip Unit)",NSX100F+TM100D (LV429630) / C10F3TM100,,,,,15840.0,5,,
,,"125A, 3P, 36kA, MCCB (Adjustable type Trip Unit)",NSX160F+TM125D (LV430631) / C16F3TM125,,,,,27830.0,5,,
,,"160A, 3P, 36kA, MCCB (Adjustable type Trip Unit)",NSX160F+TM160D (LV430631) / C16F3TM160,,,,,27830.0,5,,
,,"200A, 3P, 36kA, MCCB (Adjustable type Trip Unit)",NSX250F+TM200D (LV431631) / C25F3TM200,,,,,41690.0,5,,
,,"250A, 3P, 36kA, MCCB (Adjustable type Trip Unit)",NSX250F+TM250D (LV431630) / C25F3TM250,,,,,41690.0,5,,
,,,,,,,,,5,,
,,"400A, 3P, 50kA, MCCB (Adjustable Type Trip Unit)",NSX400N+Mic 2.3 (LV432693) / C40N32D400,,,,,69410.0,5,,
,,"630A, 3P, 50kA, MCCB (Adjustable Type Trip Unit)",NSX630N+Mic 2.3 (LV432893) / C63N32D630,,,,,88220.0,5,,
,,"800A, 3P, 50kA, MCCB (Adjustable Type Trip Unit)",NS800N+Mic2.0 (33466) / 33466,,,,,137060.0,5,,
,,"1000A, 3P, 50kA, MCCB (Adjustable Type Trip Unit)",NS1000N+Mic2.0 (33472) / 33472,,,,,156640.0,5,,
,,"1250A, 3P, 50kA, MCCB (Adjustable Type Trip Unit)",NS1250N+Mic2.0 (33478) / 33478,,,,,166430.0,5,,
,,"1600A, 3P, 50kA, MCCB (Adjustable Type Trip Unit)",NS1600N+Mic2.0 (33482),,,,,176220.0,5,,
,,,,,,,,,5,,
,,"63A, 4P4D, 36kA, TM100D NSX100F",LV429642,,,,,20000.0,5,,
,,"100A, 4P4D, 36kA, TM100D NSX100F",LV429650,,,,,23000.0,5,,
,,"160A, 4P4D, 36kA, TM125D NSX160F",LV430651,,,,,29000.0,5,,
,,"250A, 4P4D, 36kA, TM250D NSX250F",LV431650,,,,,53000.0,5,,
,,"100A, 1P1D, 50kA, Micro logic 2.3 Trip Unit 400A NSX400N",LV432694,,,,,88000.0,5,,
,,"630A, 4P4D, 50kA, Micro logic 2.3 Trip Unit 630A NSX630N",LV432894,,,,,112000.0,5,,
,,"800A, 1P, 50kA, Micro logic 2.3 Trip Unit NS800N 4P 4PT",33469,,,,,235000.0,5,,
,,"1000A, 4P, 50kA, Micro logic 2.3 Trip Unit NS1000N 4P Fixed 4P4T",33475,,,,,POA,5,,
,,"1250A, 4P, 50kA, Micro logic 2.3 Trip Unit NS1250N 4P Fixed P4T",33480,,,,,POA,5,,
,,,,,,,,,5,,
,,Direct Rotary Handle Black Handle Black Front NSX 63-250A,LV429337,,,,,4500.0,5,,
,,Extended Rotary Handle Red Handle Yellow Front NSX 63-250A,LV429339,,,,,6500.0,5,,
,,Extended Rotary Handle Black Handle Black Front NSX 400-630A,LV432598,,,,,8100.0,5,,
,,Direct Rotary Handle Red Handle Yellow Front NSX 400-630A,LV432599,,,,,12960.0,5,,
,,Direct Rotary Handle Black Handle Black Front NS 630-1600A,33863,,,,,21600.0,5,,
,,Direct Rotary Handle Red Handle Yellow Front NS 630-1600A,33864,,,,,27000.0,5,,
,,Extended Rotary Handle Black Handle Black Front NSX 63-250A,LV429338,,,,,5400.0,5,,
,,Extended Rotary Handle Red Handle Yellow Front NSX 63-250A,LV429340,,,,,5940.0,5,,
,,Extended Rotary Handle Black Handle Black Front NSX 400-630A,LV432598,,,,,7560.0,5,,
,,Extended Rotary Handle Red Handle Yellow Front NSX 400-630A,LV432600,,,,,8100.0,5,,
,,Extended Rotary Handle Black Handle Black Front NS 630-1600A,33878,,,,,25000.0,5,,
,,Extended Rotary Handle Red Handle Yellow Front NSX 630-1600A,33879,,,,,27000.0,5,,
,,6 Inter Phase Barriers INV INS NSX 100-250 A,LV429329,,,,,1188.0,5,,
,,6 Inter Phase Barriers INV INS NSX 400-NSX 630 A,LV432570,,,,,1166.4,5,,
,,3 Inter phase 3 Barriers for NSX 630-1600 A,33646,,,,,2700.0,5,,
,,EZ PHASE BARRIER (2PC) (Easy Pact FIXED),EZAFASB2,,,,,756.0,5,,
,,EZ250 PHASE BARRIER (2PC) (Easy Pact FIXED),EZEFASB2,,,,,918.0,5,,
,,EZ400 PHASE BARRIER (2PC) (Easy Pact FIXED),EZ4FASB2,,,,,1026.0,5,,
,,"Auxiliary Changeover Contact (OF)-OF, ON/OFF indication contacts",29450,,,,,2700.0,5,,
,,1 3P Short Terminal Sheild NSX100- 250 MCCB,LV429515,,,,,1350.0,5,,
,,"Motor Mechanism with SDE adapter NSX250 220-240 V 50/60 HZ, 208-277V 60 HZ.",LV429434,,,,,75600.0,5,,
,,Motor Mechanism SDE Adapter NSX250 220-240 V 50/60 HZ,LV431541,,,,,75600.0,5,,
,,Motor Mechanism with SDE adapter NSX100/160 24VDC,LV429436,,,,,75600.0,5,,
,,Motor Mechanism with SDE adapter NSX 250 24VDC,LV431543,,,,,75600.0,5,,
,,MX Voltage releases for NSX 63-630 220-240V 50/60 HZ.,LV429387,,,,,8100.0,5,,
,,MX Voltage releases for NSX 63-630 24 VDC.,LV429390,,,,,8100.0,5,,
,,MN Under Voltage releases for NSX 63-630 24VDC.,LV429410,,,,,6480.0,5,,
,,MN Under Voltage releases for NSX 63-630 220-240 V 50-60 Hz.,LV429407,,,,,8100.0,5,,
,,,,,,,,,5,,
,,"630 Amps Master Pact NT, 3 Pole, Fixed, 42kA, ACB with Micrologic 2.0 A",NT06H13F2,,,,,305000.0,5,,
,,"800 Amps Master Pact NT, 3 Pole, Fixed, 42kA, ACB with Micrologic 2.0 A",N108H13F2,,,,,310000.0,5,,
,,"1000 Amps Master Pact NT, 3 Pole, Fixed, 42kA, ACB with Micrologic 2.0 A",NT10H13F2,,,,,320000.0,5,,
,,"1250 Amps Master Pact NT, 3 Pole, Fixed, 42kA, ACB with Micrologic 2.0 A",NT12H13F2,,,,,360000.0,5,,
,,"1600 Amps Master Pact NT, 3 Pole, Fixed, 42kA, ACB with Micrologic 2.0 A",NT16H13F2,,,,,400000.0,5,,
,,"800 Amps Master Pact NW, 3 Pole, Fixed, Class H1-65 kA, ACB with Micrologic 2.0 A",NW08H13F2,,,,,340000.0,5,,
,,"1000 Amps Master Pact NW, 3 Pole, Fixed, ClassH1-65KA, ACB with Micrologic 2.0 A",NW10H13F2,,,,,360000.0,5,,
,,"1250 Amps Master Pact NW, 3 Pole, Fixed, H1-65kA, ACB with Micrologic 2.0 A",NW12H13F2,,,,,375000.0,5,,
,,"1600 Amps Master Pact NW, 3 Pole, Fixed, H1-65kA, ACB with Micrologic 2.0 A",NW16H13F2,,,,,420000.0,5,,
,,"2000 Amps Master Pact NW, 3 Pole, Fixed, H1-65kA, ACB with Micrologic 2.0 A",NW20H13F2,,,,,450000.0,5,,
,,"2500 Amps Master Pact NW, 3 Pole, Fixed, H1-65kA, ACB with Micrologic 2.0 A",NW25H13F2,,,,,475000.0,5,,
,,"3200 Amps Master Pact NW, 3 Pole, Fixed, H1-65kA, ACB with Micrologic 2.0 A",NW32H13F2,,,,,580000.0,5,,
,,"4000 Amps Master Pact NW, 3 Pole, Fixed, H1-65kA, ACB with Micrologic 2.0 A",NW40H13F2,,,,,750000.0,5,,
,,"5000 Amps Master Pact NW, 3 Pole, Fixed, H1-65kA, ACB with Micrologic 5.0 A",NW50H13F2,,,,,1500000.0,5,,
,,"6300 Amps Master Pact NW, 3 Pole, Fixed, H1-65kA, ACB with Micrologic 5.0 A",NW63H13F2,,,,,1900000.0,5,,
,,,,,,,,,5,,
,,"630 A Master Pact NT, 3 Pole, Draw out, 42 KA, ACB with Micrologic 5.0 A",NT06H13D5,,,,,319000.0,5,,
,,"800 A Master Pact NT, 3 Pole, Draw out, 42 KA, ACB with Micrologic 5.0 A",NT08H13D5,,,,,330000.0,5,,
,,"1000 A Master Pact NT, 3 Pole, Draw out, 42 KA, ACB with Micrologic 5.0 A",NT10H13D5,,,,,341000.0,5,,
,,"1250 A Master Pact NT, 3 Pole, Draw out, 42 KA, ACB with Micrologic 5.0 A",NT12H13D5,,,,,363000.0,5,,
,,"800 A Master Pact NW, 3 Pole, Draw out, Class H1-65 KA, ACB with Micrologic 5.0 A",NW08H13D5,,,,,423500.0,5,,
,,"1000 A Master Pact NW, 3 Pole, Draw out, Class H1-65 KA, ACB with Micrologic 5.0 A",NW10H13D5,,,,,434500.0,5,,
,,"1200 A Master Pact NW, 3 Pole, Draw out, Class H1-65 KA, ACB with Micrologic 5.0 A",NW12H13D5,,,,,451000.0,5,,
,,"1600 A Master Pact NW, 3 Pole, Draw out, Class H1-65 KA, ACB with Micrologic 5.0 A",NW16H13D5,,,,,511500.0,5,,
,,"2000 A Master Pact NW, 3 Pole, Draw out, Class H1-65 KA, ACB with Micrologic 5.0 A",NW20H13D5,,,,,561000.0,5,,
,,"2500 A Master Pact NW, 3 Pole, Draw out, Class H1-65 KA, ACB with Micrologic 5.0 A",NW25H13D5,,,,,682000.0,5,,
,,"3200 A Master Pact NW, 3 Pole, Draw out, Class H1-65 KA, ACB with Micrologic 5.0 A",NW32H13D5,,,,,847000.0,5,,
,,"4000 A Master Pact NW, 3 Pole, Draw out, Class H1-65 KA, ACB with Micrologic 5.0 A",NW40H13D5,,,,,1094500.0,5,,
,,"5000 A Master Pact NW, 3 Pole, Draw out, Class H1-100 KA, ACB with Micrologic 5.0 A",NW50H13D5,,,,,1815000.0,5,,
,,"6300 A Master Pact NW, 3 Pole, Draw out, Class H1-100 KA, ACB with Micrologic 5.0 A",NW63H13D5,,,,,2299000.0,5,,
,,,,,,,,,5,,
,,"630A, Master pact NT, 4 Pole, Fixed, 42 KA, ACB with Micrologic 2.0 A",NT06H14F2,,,,,275000.0,5,,
,,"800A, Master pact NT, 4 Pole, Fixed, 42 KA, ACB with Micrologic 2.0 A",NT08H14F2,,,,,286000.0,5,,
,,"1000A, Master pact NT, 4 Pole, Fixed, 42 KA, ACB with Micrologic 2.0 A",NT10H14F2,,,,,297000.0,5,,
,,"1250A, Master pact NT, 4 Pole, Fixed, 42 KA, ACB with Micrologic 2.0 A",NT12H14F2,,,,,313500.0,5,,
,,"800A, Master pact NW, 4 Pole, Fixed, Class H1-65 KA, ACB with Micrologic 2.0 A",NW08H14F2,,,,,341000.0,5,,
,,"1000A, Master pact NW, 4 Pole, Fixed, Class H1-65 KA, ACB with Micrologic 2.0 A",NW10H14F2,,,,,357500.0,5,,
,,"1250A, Master pact NW, 4 Pole, Fixed, Class H1-65 KA, ACB with Micrologic 2.0 A",NW12H14F2,,,,,374000.0,5,,
,,"1600A, Master pact NW, 4 Pole, Fixed, Class H1-65 KA, ACB with Micrologic 2.0 A",NW16H14F2,,,,,456500.0,5,,
,,"2000A, Master pact NW, 4 Pole, Fixed, Class H1-65 KA, ACB with Micrologic 2.0 A",NW20H14F2,,,,,495000.0,5,,
,,"2500A, Master pact NW, 4 Pole, Fixed, Class H1-65 KA, ACB with Micrologic 2.0 A",NW25H14F2,,,,,649000.0,5,,
,,"3200A, Master pact NW, 4 Pole, Fixed, Class H1-65 KA, ACB with Micrologic 2.0 A",NW32H14F2,,,,,792000.0,5,,
,,"4000A, Master pact NW, 4 Pole, Fixed, Class H1-100 KA, ACB with Micrologic 2.0 A",NW40H14F2,,,,,1094500.0,5,,
,,"3200A, Master pact NW, 4 Pole, Fixed, Class H1-100 KA, ACB with Micrologic 5.0 A",NW50H14F2,,,,,1793000.0,5,,
,,"6300A, Master pact NW, 4 Pole, Fixed, Class H1-100 KA, ACB with Micrologic 5.0 A",NW63H14F2,,,,,2365000.0,5,,
,,,,,,,,,5,,
,,"800 Amp Master Pact NW, 4 pole, Drawout, Class H1-65 KA, ACB With Micrologic 5.0 A",NW08H14D5,,,,,495000.0,5,,
,,"1000 Amp Master Pact NW, 4 pole, Drawout, Class H1-65 KA, ACB With Micrologic 5.0 A",NW10H14D5,,,,,506000.0,5,,
,,"1250 Amp Master Pact NW, 4 pole, Drawout, Class H1-65 KA, ACB With Micrologic 5.0 A",NW12H14D5,,,,,522500.0,5,,
,,"1600 Amp Master Pact NW, 4 pole, Drawout, Class H1-65 KA, ACB With Micrologic 5.0 A",NW16H14D5,,,,,605000.0,5,,
,,"2000 Amp Master Pact NW, 4 pole, Drawout, Class H1-65 KA, ACB With Micrologic 5.0 A",NW20H14D5,,,,,682000.0,5,,
,,"2500 Amp Master Pact NW, 4 pole, Drawout, Class H1-65 KA, ACB With Micrologic 5.0 A",NW25H14D5,,,,,847000.0,5,,
,,"3200 Amp Master Pact NW, 4 pole, Drawout, Class H1-65 KA, ACB With Micrologic 5.0 A",NW32H14D5,,,,,1045000.0,5,,
,,"4000 Amp Master Pact NW, 4 pole, Drawout, Class H1-65 KA, ACB With Micrologic 5.0 A",NW40H14D5,,,,,1375000.0,5,,
,,"5000 Amp Master Pact NW, 4 pole, Drawout, Class H1-100 KA, ACB With Micrologic 5.0 A & Extended Copper",NW50H14D5,,,,,2255000.0,5,,
,,"6300 Amp Master Pact NW, 4 pole, Drawout, Class H1-100 KA, ACB With Micrologic 5.0 A & Extended Copper Terminal",NW63H14D5,,,,,2860000.0,5,,
,,,,,,,,,5,,
,,Auxiliary Terminal block for draw out circuit breaker (OF),47849,,,,,1620.0,5,,
,,Auxiliary Terminal block for fixed circuit breaker (OF),47074,,,,,1296.0,5,,
,,"Ready to close' contact (1 max) PF 1, changeover contact (5A-240V)",47080,,,,,1620.0,5,,
,,Fault Trip' indication contacts (SDE) Changeover contact (SDE),47915,,,,,1620.0,5,,
,,Auxiliary C/O contact 4 NO/NC NW Fixed/Draw out ACB,64922,,,,,4644.0,5,,
,,MCH Gear Motor (NW) 200-240 VDC,47894,,,,,64800.0,5,,
,,MCH Gear Motor (NW) 100-130 VDC,47893,,,,,64800.0,5,,
,,MCH Gear Motor (NW) 24-30 VDC,47888,,,,,64800.0,5,,
,,Closing and opening release (XF or MX) 200-230 V AC/DC,33662,,,,,11880.0,5,,
,,Closing and opening release (XF or MX) 100-130 V AC/DC,33661,,,,,11880.0,5,,
,,Closing and opening release (XF or MX) 24-30 V DC/AC,33659,,,,,11880.0,5,,
,,Under Voltage release MN 200-230 VAC/VDC,33671,,,,,11880.0,5,,
,,Under Voltage release MN 100-130 VAC/VDC,33670,,,,,11880.0,5,,
,,Under Voltage release MN 24-30V AC/DC,33668,,,,,13500.0,5,,
,,,,,,,,,5,,
,,Cable-Type Interlock Plate for Fixed/ Drawout NWACB,47926,,,,,19980.0,5,,
,,1 set of 2 interlock cables,33209,,,,,4320.0,5,,
,,"3 sources, only 1 device closed, fixed or draw out devices",48610,,,,,64800.0,5,,
,,"2 sources + 1 coupling, fixed or draw out devices",48609,,,,,64800.0,5,,
,,"2 normal + 1 replacement sources, fixed or draw out devices",48608,,,,,64800.0,5,,
,,"2.0 Micrologic trip unit-LS- for NT, NW",Micrologic 2.0 A,,,,,59400.0,5,,
,,"5.0 Micrologic trip unit-LSI- for NT, NW",Micrologic 5.0 A,,,,,70200.0,5,,
,,"6.0 Micrologic trip unit-LSIG- for NT, NW",48361 Micrologic 6.0 A,,,,,102600.0,5,,
,,"7.0 Micrologic trip unit-LSIG- for NT, NW",47060 Micrologic 7.0 A,,,,,129600.0,5,,
,,,,,,,,,5,,
,,Auxiliary Terminal block for fixed circuit breaker OF,47074,,,,,1728.0,5,,
,,Auxiliary Terminal block for Draw Out circuit breaker OF,33098,,,,,1728.0,5,,
,,MN Under voltage release 200/250 V AC/DC,33671,,,,,13500.0,5,,
,,MN Under voltage release 100/130 V AC/DC,33670,,,,,13500.0,5,,
,,"MN Under voltage release 24/30 V DC, 24V AC",33668,,,,,13500.0,5,,
,,Closing or opening release (XF or MX) 24-30 VDC,33659,,,,,13500.0,5,,
,,Closing or opening release (XF or MX) 100-130 VDC,33661,,,,,13500.0,5,,
,,Closing or opening release (XF or MX) 200-250 VDC,33662,,,,,13500.0,5,,
,,Gear Charging Motor MCH 200-240V AC,33177,,,,,72360.0,5,,
,,Gear Charging Motor MCH 100-130V AC,33176,,,,,72360.0,5,,
,,Gear Charging Motor MCH 24-30V AC,33185,,,,,72360.0,5,,
,,1 Mechanical Interlock Plate adaptation fixture for NT fixed devices,33200,,,,,19980.0,5,,
,,1 Mechanical Interlock Plate adaptation fixture for NT draw out devices,33201,,,,,19980.0,5,,
,,1 set of 2 cables for NT Pair,33209,,,,,4320.0,5,,
,,,,,,,,,5,,
,,"630A (Rated Current), 12KV (Rated Voltage), Breaking Current 25KA (3 Sec), making current 50 KA, 50 HZ, Insulation Level- Power Frequency withstand 25KV & Lighting impulse withstand 75 KV TP, Fixed Type, Vacuum Mechanical On/off/Trip indicator.",630A EVOLIS 12KV VCB (FIXED TYPE),,,,,539000.0,5,,
,,"630A (Rated Current), 12KV (Rated Voltage), Breaking Current 25KA (3 Sec), making current 50 KA, 50 HZ, Insulation Level- Power Frequency withstand 25KV & Lighting impulse withstand 75 KV TP, Drawout Type, Vacuum Mechanical On/off/Trip indicator.",630A EVOLIS 12KV VCB (DRAWOUT TYPE),,,,,858000.0,5,,
,,"1250A (Rated Current), 12KV (Rated Voltage), Breaking Current 25KA (3 Sec), making current 50 KA, 50 HZ, Insulation Level- Power Frequency withstand 25KV & Lighting impulse withstand 75 KV TP, Fixed Type, Vacuum Mechanical On/off/Trip indicator.",1250A EVOLIS 12KV VCB (FIXED TYPE),,,,,561000.0,5,,
,,"1250A (Rated Current), 12KV (Rated Voltage), Breaking Current 25KA (3 Sec), making current 50 KA, 50 HZ, Insulation Level- Power Frequency withstand 25KV & Lighting impulse withstand 75 KV TP, Drawout Type, Vacuum Mechanical On/off/Trip indicator.",1250A EVOLIS 12KV VCB (DRAWOUT TYPE),,,,,907500.0,5,,
,,,,,,,,,5,,
,,"9A- AC3, 3P, ITH 25A- AC1",LC1D09*7,,,,,2135.0,5,,
,,"12A- AC3, 3P, ITH 25A- AC1",LC1D12*7,,,,,2580.0,5,,
,,"18A- AC3, 3P, ITH 32A- AC1",LC1D18*7,,,,,3255.0,5,,
,,"25A- AC3, 3P, ITH 40A- AC1",LC1D25*7,,,,,3705.0,5,,
,,"32A- AC3, 3P, ITH 50A- AC1",LC1D32*7,,,,,7295.0,5,,
,,"38A- AC3, 3P, ITH 50A- AC1",LC1D38*7,,,,,11110.0,5,,
,,"40A- AC3, 3P, ITH 60A- AC1",LC1D40A*7,,,,,13000.0,5,,
,,"50A- AC3, 3P, ITH 80A- AC1",LC1D50A*7,,,,,14140.0,5,,
,,"65A- AC3, 3P, ITH 80A- AC1",LC1D65A*7,,,,,17165.0,5,,
,,"80A- AC3, 3P, ITH 125A- AC1",LC1D80*7,,,,,22105.0,5,,
,,"95A- AC3, 3P, ITH 125A- AC1",LC1D95*7,,,,,26000.0,5,,
,,"115A- AC3, 3P, ITH 200A- AC1",LC1D115*7,,,,,32000.0,5,,
,,"115A (AC3), 3P, ITH 200A AC1",LC1F115*7,,,,,38500.0,5,,
,,"150A- AC3, 3P, ITH 250A- AC1",LC1D150*7,,,,,38150.0,5,,
,,"150A- AC3, 3P, ITH 250A- AC1",LC1F150*7,,,,,48500.0,5,,
,,"185A- AC3, 3P, ITH 275A- AC1",LC1F185*7,,,,,58120.0,5,,
,,"225A- AC3, 3P, ITH 315A- AC1",LC1F225*7,,,,,70015.0,5,,
,,"265A- AC3, 3P, ITH 350A- AC1",LC1F265*7,,,,,82020.0,5,,
,,"330A- AC3, 3P, ITH 400A- AC1",LC1F330*7,,,,,95035.0,5,,
,,"400A- AC3, 3P, ITH 500A- AC1",LC1F400*7,,,,,119940.0,5,,
,,"500A- AC3, 3P, ITH 700A- AC1",LC1F500*7,,,,,149900.0,5,,
,,"630A- AC3, 3P, ITH 1000A- AC1",LC1F630*7,,,,,189845.0,5,,
,,"780A- AC3, 3P, ITH 1600A- AC1",LC1F780*7,,,,,370116.0,5,,
,,"800A- AC3, 3P, ITH 1600A- AC1",LC1F800MW,,,,,399545.0,5,,
,,,,,,,,,5,,
,,"9A-AC3,24VDC Contactor with 1NO+1NC",LC1D09BD,,,,,5160.0,5,,
,,"12A-AC3,24VDC Contactor with 1NO+1NC",LC1D12BD,,,,,6170.0,5,,
,,"18A-AC3,24VDC Contactor with 1NO+1NC",LC1D18BD,,,,,6955.0,5,,
,,"25A-AC3,24VDC Contactor with 1NO+1NC",LC1D25BD,,,,,9100.0,5,,
,,"32A-AC3,24VDC Contactor with 1NO+1NC",LC1D32BD,,,,,11110.0,5,,
,,"40A-AC3,24VDC Contactor with 1NO+1NC",LC1D40BD,,,,,25130.0,5,,
,,"32A-AC3,110VDC Contactor with 1NO+1NC",LC1D32FD,,,,,11000.0,5,,
,,"50A-AC3,24VDC Contactor with 1NO+1NC",LC1D50BD,,,,,30070.0,5,,
,,"65A-AC3,24VDC Contactor with 1NO+1NC",LC1D65BD,,,,,34300.0,5,,
,,"80A-AC3,24VDC Contactor with 1NO+1NC",LC1D80BD,,,,,46440.0,5,,
,,"95A-AC3,24VDC Contactor with 1NO+1NC",LC1D95BD,,,,,51840.0,5,,
,,,,,,,,,5,,
,,3NO+2NC Magnetic Control Relay,CAD32M7,,,,,3705.0,5,,
,,"3 NO+NC, 110V AC, Pole Contact Composition",CAD32N7,,,,,3702.6,5,,
,,"5 NO, 220V AC, Pole Contact Composition",CAD50M7,,,,,3705.0,5,,
,,,,,,,,,5,,
,,"1NO+1NC, Auxiliary Contact Block",LADN11,,,,,785.0,5,,
,,"2NO+1NC, Auxiliary Contact Block",LADN22,,,,,1125.0,5,,
,,2NO Auxiliary Contact Block,LADN20,,,,,1125.0,5,,
,,2NC Auxiliary Contact Block,LADN02,,,,,1125.0,5,,
,,3NO+1NC Auxiliary Contact Block,LADN31,,,,,1250.0,5,,
,,4NO Auxiliary Contact Block,LADN40,,,,,1250.0,5,,
,,4NC Auxiliary Contact Block,LADN04,,,,,1250.0,5,,
,,"On-Delay Timing Relay 0.1s-100h, 230V,8 Pin, 2C/O",REXL2TMP7,,,,,3200.0,5,,
,,"0.1-30 s On delay timer, Pneumatic",LADT2,,,,,3255.0,5,,
,,"10-180 s On delay timer, pneumatic",LADT4,,,,,3500.0,5,,
,,"0.1-30 s Off delay timer, pneumatic",LADR2,,,,,3255.0,5,,
,,"10-180 s Off delay timer, pneumatic",LADR4,,,,,3500.0,5,,
,,Mechanical Interlock D09-D38A MC,LAD9V2,,,,,960.0,5,,
,,Mechanical Interlock D40-D65,LAD4CM,,,,,4800.0,5,,
,,Mechanical Interlock D80-D95,LA9D50978,,,,,5160.0,5,,
,,Mechanical Interlock D115-D150,LA9D11502,,,,,6300.0,5,,
,,"Mechanical Interlock LC1F265, LC1F330, LC1F400, LC1F500",LA9FJ970,,,,,8880.0,5,,
,,"Mechanical Interlock for 630A (AC3), TP, 1000A (AC1)",LA9FL970,,,,,11040.0,5,,
,,Star Delta Integral Power Connection D115-D150,LA9D11569,,,,,22080.0,5,,
,,Star Delta Power Connection D80-D95,LA9D8069,,,,,7800.0,5,,
,,"ATS, Interlock with Integral Electrical D80-D95",LA9D4002,,,,,5520.0,5,,
,,COIL LXIF 230V AC 50 HZ-LC1F115/LC1F150,LX1FF220,,,,,10560.0,5,,
,,COIL LXIF 230V AC 50 HZ-LC1F185/LC1F225,LX1FG220,,,,,10560.0,5,,
,,COIL LXIF 220/230V AC FOR LC1F265/F330,LX1FH2202,,,,,11880.0,5,,
,,COIL LXIF 220/230V AC FOR LC1F400,LX1FJ220,,,,,25200.0,5,,
,,COIL LXIF 220/230V AC FOR LC1F500,LX1FK220,,,,,25200.0,5,,
,,COIL LE1F 200/220V AC FOR LC1F630/1250,LX1FL220,,,,,26400.0,5,,
,,,,,,,,,5,,
,,0.10A-0.16A,LRD01,,,,,3255.0,5,,
,,0.16A-0.25A,LRD02,,,,,3255.0,5,,
,,0.25A-0.40A,LRD03,,,,,3255.0,5,,
,,0.40A-0.63A,LRD04,,,,,3255.0,5,,
,,0.63A-1A,LRD05,,,,,3255.0,5,,
,,1A-1.7A,LRD06,,,,,3255.0,5,,
,,1.6A-2.5A,LRD07,,,,,3255.0,5,,
,,2.5A-4A,LRD08,,,,,3255.0,5,,
,,4A-6A,LRD10,,,,,3255.0,5,,
,,5.5A-8A,LRD12,,,,,3255.0,5,,
,,7A-10A,LRD14,,,,,3255.0,5,,
,,9A-13A,LRD16,,,,,3366.0,5,,
,,12A-18A,LRD21,,,,,3700.0,5,,
,,16A-24A,LRD22,,,,,4000.0,5,,
,,23A-32A,LRD32,,,,,5610.0,5,,
,,30A-38A,LRD35,,,,,5835.0,5,,
,,16A-25A,LRD325,,,,,7500.0,5,,
,,23A-32A,LRD332,,,,,7500.0,5,,
,,25A-40A,LRD340,,,,,7500.0,5,,
,,30A-40A,LRD3355,,,,,7500.0,5,,
,,37A-50A,LRD350,,,,,9000.0,5,,
,,37A-50A,LRD3357,,,,,10040.0,5,,
,,48A-65A,LRD365,,,,,9500.0,5,,
,,55A-70A,LRD3361,,,,,10300.0,5,,
,,63A-80A,LRD3363,,,,,12345.0,5,,
,,80A-104A,LRD3365,,,,,18000.0,5,,
,,80A-104A,LRD4365,,,,,22330.0,5,,
,,95A-120A,LRD4367,,,,,23500.0,5,,
,,110A-140A,LRD4369,,,,,24500.0,5,,
,,30A-40A,LR9-F5357,,,,,25000.0,5,,
,,48A-80A,LR9-F5363,,,,,25000.0,5,,
,,60A-100A,LR9-F5367,,,,,33435.0,5,,
,,90A-150A,LR9-F5369,,,,,34500.0,5,,
,,132A-220A,LR9-F5371,,,,,35700.0,5,,
,,200A-330A,LR9-F7375,,,,,35700.0,5,,
,,300A-500A,LR9-F7379,,,,,42000.0,5,,
,,380A-630A,LR9-F7381,,,,,45000.0,5,,
,,,,,,,,,5,,
,,"0.40A-0.63A, TP, Motor Protection Circuit Breaker (MPCB)",GV2ME04,,,,,5835.0,5,,
,,"0.63A-1A, TP, Motor Protection Circuit Breaker (MPCB)",GV2ME05,,,,,5835.0,5,,
,,"1A-1.6A, TP, Motor Protection Circuit Breaker (MPCB)",GV2ME06,,,,,5835.0,5,,
,,"1.6A-2.5A, TP, Motor Protection Circuit Breaker (MPCB)",GV2ME07,,,,,5835.0,5,,
,,"2.5A-4A, TP, Motor Protection Circuit Breaker (MPCB)",GV2ME08,,,,,5835.0,5,,
,,"4A-6.3A, TP, Motor Protection Circuit Breaker (MPCB)",GV2ME10,,,,,5835.0,5,,
,,"6A-10A, TP, Motor Protection Circuit Breaker (MPCB)",GV2ME14,,,,,6956.0,5,,
,,"9A-14A, TP, Motor Protection Circuit Breaker (MPCB)",GV2ME16,,,,,6956.0,5,,
,,"13A-18A, TP, Motor Protection Circuit Breaker (MPCB)",GV2ME20,,,,,6956.0,5,,
,,"17A-23A, TP, Motor Protection Circuit Breaker (MPCB)",GV2ME21,,,,,7295.0,5,,
,,"20A-25A, TP, Motor Protection Circuit Breaker (MPCB)",GV2ME22,,,,,7295.0,5,,
,,"24A-32A, TP, Motor Protection Circuit Breaker (MPCB)",GV2ME32,,,,,7295.0,5,,
,,"23A-32A, TP, Motor Protection Circuit Breaker (MPCB)",GV3P32,,,,,24235.0,5,,
,,"30A-40A, TP, Motor Protection Circuit Breaker (MPCB)",GV3P40,,,,,24235.0,5,,
,,"37A-50A, TP, Motor Protection Circuit Breaker (MPCB)",GV3P50,,,,,25360.0,5,,
,,"48A-65A, TP, Motor Protection Circuit Breaker (MPCB)",GV3P65,,,,,25360.0,5,,
,,"62A-73A, TP, Motor Protection Circuit Breaker (MPCB)",GV3P73,,,,,25360.0,5,,
,,"56A-80A, TP, Motor Protection Circuit Breaker (MPCB)",GV3ME80,,,,,1460.0,5,,
,,"132A-200A, TP, Motor Protection Circuit Breaker (MPCB)",GV7RS220,,,,,1460.0,5,,
,,"1NO+1NC, Auxiliary Contact Top Block",GVAE11,,,,,1460.0,5,,
,,"1NO+1NC, Auxiliary Contact Side Block",GVAN11,,,,,1460.0,5,,
,,,,,,,,,5,,
,,,,,,,,,5,,
,,"0.25 KW, TP, DOL Starter with Overload (0.54A- 0.8A)",LE1-M35Q705,,,,,7405.0,5,,
,,"0.37 KW, TP, DOL Starter with Overload (0.8A- 1.2A)",LE1-M35Q706,,,,,7405.0,5,,
,,"0.55 KW, TP, DOL Starter with Overload (1.2A- 1.8A)",LE1-M35Q707,,,,,7405.0,5,,
,,"0.75 KW, TP, DOL Starter with Overload (1.8A- 2.6A)",LE1-M35Q708,,,,,7405.0,5,,
,,"1.5 KW, TP, DOL Starter with Overload (2.6A- 3.7A)",LE1-M35Q710,,,,,7405.0,5,,
,,"2.2 KW, TP, DOL Starter with Overload (3.7A- 5.5A)",LE1-M35Q712,,,,,7405.0,5,,
,,"3.0 KW, TP, DOL Starter with Overload (5.5A-8A)",LE1-M35Q714,,,,,7405.0,5,,
,,"4 KW, TP, DOL Starter with Overload (8A- 11.5A)",LE1-M35Q716,,,,,7405.0,5,,
,,"5.5 KW, TP, DOL Starter with Overload (10A- 14A)",LE1-M35Q721,,,,,8080.0,5,,
,,"7.5 KW, TP, DOL Starter with Overload (12A- 16A)",LE1-M35Q722,,,,,9090.0,5,,
,,,,,,,,,5,,
,,,,,,,,,5,,
,,3 Phase Control Relay 2 C/O Phase Failure,RM22TG20,,,,,5200.0,5,,
,,Phase sequence Control & Total Loss of Phase Detection,RM17TG20,,,,,5400.0,5,,
,,"Multifunction Timer 1C/O ,24V AC/DC & 240 AC",RE17RMEMUBA,,,,,5400.0,5,,
,,"Module 3, 3 Phase voltage Control Relay, Harmony 5A, ICO, 208-480V AC",RM17UB310,,,,,8000.0,5,,
,,,,,,,,,5,,
,,"ATV320, 0.18 KW, Single Phase Supply 200V-240V AC, 50/60 HZ",ATV320U02M2C,,,,,35000.0,5,,
,,"ATV320, 0.37 KW, Single Phase Supply 200V-240V AC, 50/60 HZ",ATV320U06M2C,,,,,37000.0,5,,
,,"ATV320, 0.55 KW, Single Phase Supply 200V-240V AC, 50/60 HZ",ATV320U06M2C,,,,,40000.0,5,,
,,"ATV320, 0.75 KW, Single Phase Supply 200V-240V AC, 50/60 HZ",ATV320U07M2C,,,,,42500.0,5,,
,,"ATV320, 1.1 KW, Single Phase Supply 200V-240V AC, 50/60 HZ",ATV320U11M2C,,,,,48950.0,5,,
,,"ATV320, 1.5 KW, Single Phase Supply 200V-240V AC, 50/60 HZ",ATV320U15M2C,,,,,50000.0,5,,
,,"ATV320, 2.2 KW, Single Phase Supply 200V-240V AC, 50/60 HZ",ATV320U22M2C,,,,,54000.0,5,,
,,,,,,,,,5,,
,,"ATV320, 0.37 KW, 3 Phase, 380V- 500V AC, 50/60 HZ",ATV320U04N4C,,,,,40000.0,5,,
,,"ATV320, 0.55 KW, 3 Phase, 380V- 500V AC, 50/60 HZ",ATV320U06N4C,,,,,41000.0,5,,
,,"ATV320, 0.75 KW, 3 Phase, 380V- 500V AC, 50/60 HZ",ATV320U07N4C,,,,,45000.0,5,,
,,"ATV320, 1.1 KW, 3 Phase, 380V- 500V AC, 50/60 HZ",ATV320U11N4C,,,,,48000.0,5,,
,,"ATV320, 1.5 KW, 3 Phase, 380V- 500V AC, 50/60 HZ",ATV320U15N4C,,,,,52000.0,5,,
,,"ATV320, 2.2 KW, 3 Phase, 380V- 500V AC, 50/60 HZ",ATV320U22N4C,,,,,57500.0,5,,
,,"ATV320, 3.0 KW, 3 Phase, 380V- 500V AC, 50/60 HZ",ATV320U30N4C,,,,,57900.0,5,,
,,"ATV320, 4.0 KW, 3 Phase, 380V- 500V AC, 50/60 HZ",ATV320U40N4C,,,,,63690.0,5,,
,,"ATV320, 5.5 KW, 3 Phase, 380V- 500V AC, 50/60 HZ",ATV320U55N4B,,,,,107690.0,5,,
,,"ATV320, 7.5 KW, 3 Phase, 380V- 500V AC, 50/60 HZ",ATV320U75N4B,,,,,120000.0,5,,
,,"ATV320, 11 KW, 3 Phase, 380V- 500V AC, 50/60 HZ",ATV320U11N4B,,,,,160000.0,5,,
,,"ATV320, 15 KW, 3 Phase, 380V- 500V AC, 50/60 HZ",ATV320D15N4B,,,,,176220.0,5,,
,,,,,,,,,5,,
,,"18.5 KW 3 Phase Supply 380-480V, 50/60 Hz",ATV630D18N4,,,,,261910.0,5,,
,,"22 KW 3 Phase Supply 380-480V, 50/60 Hz",ATV630D22N4,,,,,282040.0,5,,
,,"30 KW 3 Phase Supply 380-480V, 50/60 Hz",ATV630D30N4,,,,,335830.0,5,,
,,"37 KW 3 Phase Supply 380-480V, 50/60 Hz",ATV630D37N4,,,,,389510.0,5,,
,,"45 KW 3 Phase Supply 380-480V, 50/60 Hz",ATV630D45N4,,,,,443190.0,5,,
,,"55 KW 3 Phase Supply 380-480V, 50/60 Hz",ATV630D55N4,,,,,537240.0,5,,
,,"75 KW 3 Phase Supply 380-480V, 50/60 Hz",ATV630D75N4,,,,,644710.0,5,,
,,"90 KW 3 Phase Supply 380-480V, 50/60 Hz",ATV630D90N4,,,,,778910.0,5,,
,,"110 KW 3 Phase Supply 380-480V, 50/60 Hz",ATV630C11N4,,,,,980430.0,5,,
,,"130 KW 3 Phase Supply 380-480V, 50/60 Hz",ATV630C13N4,,,,,1047530.0,5,,
,,"160 KW 3 Phase Supply 380-480V, 50/60 Hz",ATV630C16N4,,,,,1235520.0,5,,
,,"220 KW 3 Phase Supply 380-480V, 50/60 Hz",ATV630C22N4,,,,,1678710.0,5,,
,,"250 KW 3 Phase Supply 380-480V, 50/60 Hz",ATV630C25N4,,,,,2014430.0,5,,
,,"315 KW 3 Phase Supply 380-480V, 50/60 Hz",ATV630C31N4,,,,,POA,5,,
,,,,,,,,,5,,
,,"0.37 KW 3 Phase Supply 380-460V, 50/60 Hz",ATV310H037N4E,,,,,35000.0,5,,
,,"0.75 KW 3 Phase Supply 380-460V, 50/60 Hz",ATV310H075N4E,,,,,42000.0,5,,
,,"1.5 KW 3 Phase Supply 380-460V, 50/60 Hz",ATV310HU15N4E,,,,,43000.0,5,,
,,"2.2 KW 3 Phase Supply 380-460V, 50/60 Hz",ATV310HU22N4E,,,,,47000.0,5,,
,,"4 KW 3 Phase Supply 380-460V, 50/60 Hz",ATV310HU40N4E,,,,,56000.0,5,,
,,"5.5 KW 3 Phase Supply 380-460V, 50/60 Hz",ATV310HU55N4E,,,,,96000.0,5,,
,,"7.5 KW 3 Phase Supply 380-460V, 50/60 Hz",ATV310HU75N4E,,,,,110000.0,5,,
,,"11 KW 3 Phase Supply 380-460V, 50/60 Hz",ATV310HD11N4E,,,,,150000.0,5,,
,,"15 KW 3 Phase Supply 380-460V, 50/60 Hz",ATV310HD15N4E,,,,,160000.0,5,,
,,"18.5 KW 3 Phase Supply 380-460V, 50/60 Hz",ATV310HD18N4EF,,,,,230000.0,5,,
,,"22 KW 3 Phase Supply 380-460V, 50/60 Hz",ATV310HD22N4EF,,,,,250000.0,5,,
,,,,,,,,,5,,
,,"7.5 KW, Three Phase Supply 230V-415 V AC, 50/60 HZ",ATS48D17Q/Y,,,,,90000.0,5,,
,,"11 KW, Three Phase Supply 230V-415 V AC, 50/60 HZ",ATS48D22Q/Y,,,,,105000.0,5,,
,,"15 KW, Three Phase Supply 230V-415 V AC, 50/60 HZ",ATS48D32Q/Y,,,,,123000.0,5,,
,,"18.5 KW, Three Phase Supply 230V-415 V AC, 50/60 HZ",ATS48D38Q/Y,,,,,130000.0,5,,
,,"22 KW, Three Phase Supply 230V-415 V AC, 50/60 HZ",ATS48D47Q/Y,,,,,140000.0,5,,
,,"30 KW, Three Phase Supply 230V-415 V AC, 50/60 HZ",ATS48D62Q/Y,,,,,170000.0,5,,
,,"37 KW, Three Phase Supply 230V-415 V AC, 50/60 HZ",ATS48D75Q/Y,,,,,190000.0,5,,
,,"45 KW, Three Phase Supply 230V-415 V AC, 50/60 HZ",ATS48D88Q/Y,,,,,220330.0,5,,
,,"55 KW, Three Phase Supply 230V-415 V AC, 50/60 HZ",ATS48C11Q/Y,,,,,235000.0,5,,
,,"75 KW, Three Phase Supply 230V-415 V AC, 50/60 HZ",ATS48C14Q/Y,,,,,275000.0,5,,
,,"90 KW, Three Phase Supply 230V-415 V AC, 50/60 HZ",ATS48C17Q/Y,,,,,306020.0,5,,
,,"110 KW, Three Phase Supply 230V-415 V AC, 50/60 HZ",ATS48C21Q/Y,,,,,391600.0,5,,
,,"132 KW, Three Phase Supply 230V-415 V AC, 50/60 HZ",ATS48C25Q/Y,,,,,452870.0,5,,
,,"160 KW, Three Phase Supply 230V-415 V AC, 50/60 HZ",ATS48C32Q/Y,,,,,489500.0,5,,
,,"220 KW, Three Phase Supply 230V-415 V AC, 50/60 HZ",ATS48C41Q/Y,,,,,648670.0,5,,
,,"250 KW, Three Phase Supply 230V-415 V AC, 50/60 HZ",ATS48C48Q/Y,,,,,685300.0,5,,
,,"315 KW, Three Phase Supply 230V-415 V AC, 50/60 HZ",ATS48C59Q/Y,,,,,765000.0,5,,
,,"355 KW, Three Phase Supply 230V-415 V AC, 50/60 HZ",ATS48C66Q/Y,,,,,795520.0,5,,
,,"400 KW, Three Phase Supply 230V-415 V AC, 50/60 HZ",ATS48C79Q/Y,,,,,1100000.0,5,,
,,"500 KW, Three Phase Supply 230V-415 V AC, 50/60 HZ",ATS48M10Q/Y,,,,,1550000.0,5,,
,,"630 KW, Three Phase Supply 230V-415 V AC, 50/60 HZ",ATS48M12Q/Y,,,,,2000000.0,5,,
,,,,,,,,,5,,
,,2.5KVAR Standard Duty Power Capacitor 400V 50/60Hz,BLRCS025A030B40,,,,,6865.0,5,,
,,5KVAR Standard Duty Power Capacitor 400V 50/60Hz,BLRCS050A060B44,,,,,8200.0,5,,
,,7.5KVAR Standard Duty Power Capacitor 400V 50/60Hz,BLRCS075A090B44,,,,,9050.0,5,,
,,12.5KVAR Standard Duty Power Capacitor 400V 50/60Hz,BLRCS125A150B44,,,,,10900.0,5,,
,,20KVAR Standard Duty Power Capacitor 400V 50/60Hz,BLRCS200A240B44,,,,,13110.0,5,,
,,25KVAR Standard Duty Power Capacitor 400V 50/60Hz,BLRCS250A300B44,,,,,13900.0,5,,
,,50KVAR Heavy Duty Power Capacitor 400V 50/60Hz,BLRCH500A000B44,,,,,29700.0,5,,
,,Capacitor Duty Contactor for 25KVAR Coil 220V 50/60Hz,LC1DMKM7,,,,,11000.0,5,,
,,,,,,,,,5,,
,,"Varlogic NR6 (6 Step), Power Factor Control Relay",52448,,,,,52920.0,5,,
,,Varlogic NR12 (12 step) Power Factor Control Relay,52449,,,,,62597.0,5,,
,,Varlogic NRC12 (12 Step) Power Factor Control Relay with Communication & Sensing Current Measurement,52450,,,,,POA,5,,
,,"RT6 Controller ,6 Step Outputs",51207,,,,,30300.0,5,,
,,"RT12 Controller, 12 Step Outputs",51213,,,,,44500.0,5,,
,,,,,,,,,5,,
,,"PM5310 Basic Energy Meter with True RMS Measurement of A, V, F & power factor (Integrated Display)",METSEPM5310,,,,,40100.0,5,,
,,"PM5330 Meter, Modbus up to 31st H 2DI/2DO 35 alarms",METSEPM5330,,,,,45000.0,5,,
,,"PM5320 Meter, Ethernet, up to 31st H, 256K 2DI/2DO 35 alarms",METSEPM5320/5340,,,,,54000.0,5,,
,,PM 2130 VAF P&E RS485 31st Har CL 0.5S (LED Display),METSEPM2130,,,,,22300.0,5,,
,,"EM6438 1.0 RS, DUAL SOURCE ENERGY METERS",EM6438,,,,,19440.0,5,,
,,Energy kWH Meter,EM6433,,,,,20000.0,5,,
,,EM6436 Dual 1.0 RS Dual Source Energy,30002277,,,,,24840.0,5,,
,,EM6436 Dual 0.5 RS Dual Source Energy,30002278,,,,,27000.0,5,,
,,,,,,,,,5,,
,,Amp &Volt Meter (Digital),METSEDM6000,,,,,11198.0,5,,
,,Amp &Volt Meter (Digital) with RS485,METSEDM6200,,,,,12960.0,5,,
,,DM3000 Digital Amp Meter Three Phases Easy Logic,METSEDM3110,,,,,4500.0,5,,
,,DM3000 Digital Volt Meter Three Phases Easy Logic,METSEDM3210,,,,,4500.0,5,,
,,EasyLogic - Digital Panel Meter DM1000 - Amper meter - single phase,METSEDM1110,,,,,3000.0,5,,
,,EasyLogic - Digital Panel Meter DM1000 - Voltmeter - single phase,METSEDM1210,,,,,3300.0,5,,
,,EasyLogic - Digital Panel Meter DM1000 - Frequency meter - single phase,METSEDM1310,,,,,3000.0,5,,
,,,,,,,,,5,,
,,"8 Pin 24V AC 12A, Miniature Plug-in Relay",RXM2AB2B7,,,,,830.0,5,,
,,"8 Pin 24V DC 12A, Miniature Plug-in Relay",RXM2AB2BD,,,,,830.0,5,,
,,"8 Pin 110V AC 12A, Miniature Plug-in Relay",RXM2AB2F7,,,,,830.0,5,,
,,"8 Pin 220V AC 12A, Miniature Plug-in Relay",RXM2AB2P7,,,,,830.0,5,,
,,"12A, Base for 8 Pin Miniature Plug-in Relay",RXZE2S108M,,,,,500.0,5,,
,,"11 Pin 24V AC 10A, Miniature Plug-in Relay",RXM3AB2B7,,,,,1000.0,5,,
,,"11 Pin 24V DC 10A, Miniature Plug-in Relay",RXM3AB2BD,,,,,1000.0,5,,
,,"11 Pin 110V AC 10A, Miniature Plug-in Relay",RXM3AB2F7,,,,,1000.0,5,,
,,"11 Pin 220V AC 10A, Miniature Plug-in Relay",RXM3AB2P7,,,,,1000.0,5,,
,,"10A, Base for 11 Pin Miniature Plug-in Relay",RXZE2S111M,,,,,500.0,5,,
,,"14 Pin 24V AC 6A, Miniature Plug-in Relay",RXM4AB2B7,,,,,1100.0,5,,
,,"14 Pin 24V DC 6A, Miniature Plug-in Relay",RXM4AB2BD,,,,,1100.0,5,,
,,"14 Pin 110V AC 6A, Miniature Plug-in Relay",RXM4AB2F7,,,,,1100.0,5,,
,,"14 Pin 220V AC 6A, Miniature Plug-in Relay",RXM4AB2P7,,,,,1100.0,5,,
,,"6A, Base for 11 Pin Miniature Plug-in Relay",RXZE2S114M,,,,,500.0,5,,
,,,,,,,,,5,,
,,Illuminated Push Switch with GREEN (Metal Bezel),XB4BW3365,,,,,3000.0,5,,
,,Illuminated Push Switch with RED (Metal Bezel),XB4BW3465,,,,,3000.0,5,,
,,Illuminated Push Switch with YELLOW (Metal Bezel),XB4BW3565,,,,,3000.0,5,,
,,"Illuminated Push Switch, GREEN, 1NO, 220V (Plastic Bezel)",XA2EW33M1,,,,,1400.0,5,,
,,"Illuminated Push Switch, RED, 1NC, 220V (Plastic Bezel)",XA2EW34M2,,,,,1400.0,5,,
,,"Illuminated Push Switch, YELLOW, 1NO, 220V (Plastic Bezel)",XA2EW35M1,,,,,1400.0,5,,
,,"Push Switch, Flush, GREEN, 1 NO (Plastic Bezel)",XA2EA32,,,,,600.0,5,,
,,"Push Switch, Flush, RED, 1 NC (Plastic Bezel)",XA2EA42,,,,,600.0,5,,
,,Push Switch with YELLOW (Plastic Bezel),XA2EA51,,,,,600.0,5,,
,,"Emergency Switch, Off/Red (Turn to release 40mm), 1 NC",XA2ES542,,,,,1000.0,5,,
,,"Emergency Stop Switch, Metal, Red, Ø22, Trigger",XB4BS8442,,,,,4500.0,5,,
,,,,,,,,,5,,
,,2 Position Selector Switch 1NO+1NC,XA2ED25,,,,,900.0,5,,
,,"2 Position Selector Switch Soring Return, 1 NO",XA2ED41,,,,,700.0,5,,
,,"3 Position Selector switch, 2NO",XA2ED33,,,,,900.0,5,,
,,"3 Position Selector switch, Spring Return, 2NO",XA2ED53,,,,,1000.0,5,,
,,Contact Block 1NO,ZA2EE101,,,,,200.0,5,,
,,Contact Block 1NC,ZA2EE102,,,,,200.0,5,,
,,"2 Position Selector Switch, Metal, Black, 22mm, Stay Put, 1NO",XB4BJ21,,,,,3500.0,5,,
,,"3 Position Selector Switch, Metal, Black, 22mm, Stay Put, 2NO",XB4BJ33,,,,,4500.0,5,,
,,"3 Position Selector Switch, Key Type, Metal, Black, 22mm, Stay Put, 2NO",XB4BG33,,,,,5200.0,5,,